gender,SeniorCitizen,Partner,Dependents,tenure,PhoneService,MultipleLines,InternetService,OnlineSecurity,OnlineBackup,DeviceProtection,TechSupport,StreamingTV,StreamingMovies,Contract,PaperlessBilling,PaymentMethod,MonthlyCharges,TotalCharges,Actual Churn,Predicted Churn,Churn Probability
1,1,1,0,61,1,2,2,1,1,1,1,1,1,2,0,0,25.0,1501.75,0,0,0.0030395817
0,0,0,0,19,1,2,2,1,1,1,1,1,1,0,0,0,24.7,465.85,0,0,0.04845373
1,0,1,0,13,1,2,1,0,0,2,0,2,2,0,1,1,102.25,1359.0,1,1,0.75032264
1,0,1,0,37,1,2,0,2,0,0,0,0,0,0,1,3,55.05,2030.75,0,0,0.2982698
0,0,0,0,6,0,1,0,2,0,0,0,0,0,0,0,0,29.45,161.45,0,0,0.24791607
1,0,1,0,3,0,1,0,0,2,0,0,0,0,0,0,1,29.8,94.4,0,0,0.35944918
1,1,1,1,52,1,2,0,0,2,2,0,2,2,1,1,2,80.85,4079.55,0,0,0.20188081
0,1,0,0,15,1,0,1,0,0,0,0,2,2,0,1,2,91.5,1400.3,0,1,0.7669586
0,0,0,0,26,1,2,0,2,2,0,0,2,0,0,1,0,69.5,1800.05,0,0,0.18770559
1,0,1,0,66,1,2,0,2,2,0,2,2,2,2,0,2,85.25,5538.35,0,0,0.010548921
1,0,0,0,4,1,0,1,0,0,2,0,0,2,0,0,2,86.05,308.1,0,1,0.6480986
1,0,1,0,8,1,0,1,2,0,0,0,0,0,0,0,2,75.0,632.95,1,0,0.16477972
1,0,0,0,48,1,0,2,1,1,1,1,1,1,2,0,1,20.15,982.95,0,0,0.007417657
0,0,0,1,10,1,2,0,2,0,2,2,0,2,1,0,1,73.55,693.3,0,0,0.18814024
0,0,0,0,64,1,2,1,2,2,2,2,2,2,2,1,0,115.1,7334.05,0,0,0.011877686
1,0,0,0,22,1,0,1,0,2,0,0,2,2,0,1,3,93.2,2157.3,0,0,0.16715127
1,1,0,0,1,1,2,1,0,0,0,0,2,2,0,1,2,93.55,93.55,1,1,0.9883344
1,0,0,0,67,1,0,0,0,0,0,2,0,0,2,0,0,50.55,3260.1,0,0,0.009983726
1,0,0,1,22,1,0,1,0,2,2,0,2,0,0,1,2,89.4,2001.5,1,0,0.34469658
1,0,1,0,65,1,2,1,0,2,0,0,2,0,0,1,0,91.85,5940.85,1,0,0.04151774
1,0,1,1,34,0,1,0,2,0,0,0,0,0,1,0,0,30.4,938.65,0,0,0.01922273
0,0,1,0,72,1,0,2,1,1,1,1,1,1,2,0,0,20.05,1423.65,0,0,5.628187e-05
1,0,0,0,5,1,0,0,0,2,0,0,0,0,0,1,2,51.35,262.3,0,1,0.6412747
1,1,1,0,46,1,2,1,0,0,2,0,2,2,0,1,2,98.85,4564.9,0,1,0.9112141
0,0,0,0,2,1,0,1,0,0,0,0,0,0,0,1,2,70.15,123.8,0,1,0.571352
1,0,1,1,37,1,0,0,2,0,2,2,0,0,1,1,3,58.75,2203.1,0,0,0.04204794
0,0,0,0,33,1,2,2,1,1,1,1,1,1,2,0,1,25.7,826.1,0,0,0.0020713806
0,0,0,1,16,1,0,2,1,1,1,1,1,1,1,1,0,19.3,360.35,0,0,0.0603853
1,0,0,0,6,1,2,1,0,0,0,0,0,0,0,1,2,74.9,469.8,1,1,0.6065753
0,0,1,1,13,1,0,0,0,0,0,0,0,2,0,0,2,55.95,734.35,1,0,0.31463578
1,0,1,0,47,1,2,1,0,0,0,0,2,2,1,1,1,95.2,4563.0,0,0,0.16885552
0,0,0,0,1,1,0,1,0,0,0,0,0,0,0,1,2,69.5,69.5,1,1,0.95346785
1,0,1,1,39,1,0,0,2,0,2,2,2,2,1,0,1,80.0,3182.95,1,0,0.2158584
1,1,1,0,63,1,2,1,2,2,2,0,2,2,2,0,1,108.5,6991.9,0,0,0.1488982
0,0,0,0,10,1,0,2,1,1,1,1,1,1,0,0,3,18.85,163.2,0,0,0.3620944
1,0,0,0,10,1,2,2,1,1,1,1,1,1,0,1,2,24.0,226.55,0,0,0.25785893
0,0,0,0,18,1,2,1,0,0,2,2,0,2,0,1,0,95.05,1679.4,0,0,0.26946467
1,0,0,0,1,1,0,0,2,0,0,0,0,0,0,1,1,49.8,49.8,0,0,0.24330033
1,0,1,0,66,0,1,0,2,2,2,2,2,0,2,1,0,56.6,3789.2,0,0,0.008225114
1,1,0,0,69,1,0,2,1,1,1,1,1,1,2,0,1,20.3,1356.3,0,0,0.0022259462
1,0,0,0,3,1,0,0,0,0,0,2,2,2,0,1,2,69.35,191.35,1,0,0.11767988
0,0,0,0,68,1,0,2,1,1,1,1,1,1,2,0,1,19.6,1441.65,0,0,0.0004061046
1,0,1,1,6,1,0,2,1,1,1,1,1,1,1,0,3,19.45,113.5,0,0,0.023783915
1,0,0,0,72,1,0,2,1,1,1,1,1,1,2,0,0,19.85,1434.1,0,0,0.00017194577
0,1,1,0,58,1,2,1,0,0,0,2,2,2,0,1,0,100.4,5749.8,0,1,0.53673923
0,0,1,1,45,1,2,1,2,2,0,0,2,2,0,1,2,105.15,4730.9,0,0,0.11428507
1,0,1,1,68,1,2,1,2,2,2,0,2,2,2,1,2,110.2,7467.5,0,0,0.11099924
1,0,1,1,32,1,2,1,2,0,0,0,2,2,0,1,1,99.55,3204.65,1,0,0.38235936
1,0,0,0,1,1,2,1,0,0,0,0,0,0,0,1,2,74.9,74.9,1,1,0.8425987
1,0,0,0,9,1,0,1,0,0,0,0,0,0,0,1,2,70.5,597.9,0,0,0.3344146
0,0,1,1,19,0,1,0,0,0,0,0,0,0,0,1,3,24.85,434.8,0,0,0.030416042
1,0,1,1,60,1,0,0,2,2,2,2,0,0,1,1,0,65.85,3928.3,0,0,0.0011056461
0,0,0,0,29,1,0,1,0,0,0,0,2,0,0,1,2,78.9,2384.15,1,0,0.46230382
1,0,1,1,72,1,2,1,2,2,2,2,2,2,2,1,1,114.05,8468.2,0,0,0.007638128
1,1,1,0,43,1,2,1,0,2,0,2,2,0,0,1,2,94.3,3953.15,0,0,0.19304855
1,0,1,1,1,1,0,1,0,0,0,0,0,0,0,1,3,69.9,69.9,1,1,0.8415792
0,0,1,1,15,1,0,0,0,2,2,2,2,2,0,0,0,76.5,1155.6,0,0,0.030798057
1,0,0,0,3,1,0,1,0,0,0,0,2,2,0,0,3,90.7,237.65,0,1,0.6387251
1,0,1,1,49,1,2,1,0,0,2,0,2,2,0,1,2,99.8,4872.45,1,1,0.7141751
1,0,0,0,12,1,2,1,0,0,2,0,2,0,0,1,2,89.55,1021.75,0,0,0.40237066
1,0,0,0,1,1,0,1,0,0,0,0,0,2,0,1,3,80.85,80.85,1,1,0.94344306
1,0,0,0,21,1,0,2,1,1,1,1,1,1,0,0,1,20.5,402.85,0,0,0.027056195
0,0,1,0,18,1,0,1,2,0,0,0,0,0,0,0,2,74.8,1438.05,0,0,0.48885483
0,1,1,1,72,1,2,0,2,2,2,2,2,2,2,0,1,92.45,6440.25,1,0,0.0006281853
1,0,0,0,72,1,0,2,1,1,1,1,1,1,2,0,0,19.3,1414.8,0,0,0.00026999196
0,0,0,0,46,1,0,1,0,0,2,0,0,0,0,1,1,74.8,3548.3,0,0,0.18636507
0,1,0,0,7,1,0,1,2,0,0,0,0,0,0,0,0,76.45,503.6,1,0,0.36757195
0,0,1,1,72,1,2,0,2,0,2,2,2,2,2,0,1,84.7,5893.9,0,0,0.00052576396
1,0,0,0,39,1,0,2,1,1,1,1,1,1,1,0,3,19.9,791.15,0,0,0.0024799977
0,1,1,0,72,1,2,0,2,2,2,2,0,2,2,0,0,78.45,5682.25,0,0,0.0008344384
1,0,0,0,1,1,2,0,0,0,0,0,0,0,0,0,3,50.75,50.75,0,1,0.8552379
1,0,0,1,72,1,0,2,1,1,1,1,1,1,2,0,1,19.9,1529.65,0,0,0.0001227353
1,0,1,0,6,1,2,1,0,0,0,0,2,0,0,1,2,82.85,460.25,1,1,0.7576705
0,0,0,1,44,1,0,2,1,1,1,1,1,1,2,0,3,19.9,868.1,0,0,0.0007524961
0,0,0,0,1,1,0,2,1,1,1,1,1,1,0,0,3,20.95,20.95,1,1,0.5314311
0,0,1,0,18,1,0,2,1,1,1,1,1,1,2,0,3,20.1,370.5,0,0,0.00087519124
1,0,1,1,41,1,2,0,0,2,2,0,2,0,1,0,0,68.5,2839.95,0,0,0.018478228
0,0,1,1,48,1,0,2,1,1,1,1,1,1,2,0,0,20.2,1027.25,0,0,0.0015817689
0,0,1,1,72,1,2,1,2,2,2,2,2,2,2,0,1,117.5,8670.1,0,0,0.0079409685
0,0,1,1,62,1,2,0,0,0,0,0,2,2,0,1,1,70.45,4300.45,0,0,0.069027826
0,0,1,1,1,1,0,2,1,1,1,1,1,1,0,0,2,19.45,19.45,0,0,0.22626013
0,0,0,0,11,1,2,1,2,0,0,0,0,0,0,1,0,79.0,929.3,0,0,0.48685732
1,0,0,0,12,1,0,1,2,0,2,0,0,0,0,0,0,81.7,858.6,1,0,0.18505454
0,0,0,0,35,1,2,1,0,0,0,0,2,0,0,1,2,86.45,3029.1,1,1,0.93080837
1,0,0,0,17,1,0,1,0,0,0,0,0,0,0,1,2,70.8,1207.0,0,1,0.71600324
1,0,1,1,34,1,0,1,0,0,0,0,0,2,1,1,0,78.95,2647.2,0,0,0.09401022
0,0,1,1,59,1,2,0,2,2,2,2,2,2,2,0,1,90.3,5194.05,0,0,0.00621704
0,0,1,1,41,1,0,0,0,2,0,2,0,2,1,1,0,66.5,2728.6,1,0,0.03083389
1,0,1,1,35,1,2,2,1,1,1,1,1,1,2,0,0,25.45,809.25,0,0,0.0008658696
0,0,1,1,72,1,2,0,2,2,2,2,2,0,2,0,0,80.2,5714.2,0,0,0.00060301844
1,1,0,0,24,1,2,0,0,2,0,0,0,0,0,0,1,54.8,1291.3,0,0,0.058472753
0,0,1,0,43,1,2,0,0,0,0,2,2,0,1,1,0,64.85,2908.2,0,0,0.016747687
0,0,0,0,10,1,2,1,0,2,2,0,0,2,0,1,2,94.85,953.45,1,1,0.6119759
1,0,1,1,28,0,1,0,0,2,2,2,2,2,1,1,1,60.0,1682.05,0,0,0.051117003
0,1,0,0,43,1,2,1,0,2,0,0,2,0,0,1,2,90.25,3838.75,0,0,0.39665136
0,0,0,0,72,1,0,2,1,1,1,1,1,1,2,0,1,20.25,1566.9,0,0,0.00010092156
1,0,1,1,24,1,0,0,2,0,2,0,0,0,1,1,1,56.25,1454.25,0,0,0.0991364
1,0,1,0,9,1,0,0,0,0,2,0,2,2,0,1,3,70.05,564.4,0,0,0.4472258
0,0,1,1,6,1,2,0,0,0,0,0,0,0,0,1,1,48.95,273.25,0,1,0.6864687
1,0,0,0,46,0,1,0,2,0,0,0,0,0,1,1,0,30.75,1489.3,0,0,0.018192064
1,0,0,0,57,1,0,2,1,1,1,1,1,1,2,0,0,20.65,1125.6,0,0,0.058278363
0,1,1,0,68,1,2,1,0,2,0,0,2,2,0,1,2,100.2,6851.65,1,0,0.4651419
0,1,1,1,24,1,0,1,0,0,2,0,2,2,2,1,2,96.55,2263.45,0,0,0.1603807
1,0,1,1,26,1,2,1,0,0,0,0,2,0,0,1,2,83.75,2070.6,1,0,0.3228254
1,0,0,0,1,1,0,0,0,0,0,0,0,2,0,0,3,55.55,55.55,0,1,0.7394868
1,0,1,1,72,1,2,1,2,0,2,0,2,2,2,1,0,105.55,7542.25,0,0,0.020459738
0,1,1,0,33,1,2,1,0,2,0,0,0,0,0,1,0,80.6,2656.5,1,1,0.52940154
1,0,0,0,39,1,0,0,0,0,0,2,0,0,2,1,0,49.8,1971.15,0,0,0.01639485
1,0,0,0,9,1,2,1,0,0,0,0,0,0,0,1,2,75.85,724.65,0,0,0.28476614
0,0,1,1,41,0,1,0,2,0,2,0,0,0,1,0,1,35.4,1412.4,0,0,0.0051561343
1,0,0,0,71,1,2,1,2,0,0,2,0,2,1,0,1,97.65,6687.85,0,0,0.01921473
0,0,1,1,22,1,0,2,1,1,1,1,1,1,1,0,0,20.75,452.35,0,0,0.0010546242
1,0,1,1,72,1,2,0,2,2,2,2,2,0,2,0,0,82.3,5815.15,0,0,0.00048913155
0,1,0,0,13,1,0,1,0,0,2,0,2,2,0,1,2,96.85,1235.55,0,1,0.9151417
0,0,0,0,68,1,2,2,1,1,1,1,1,1,2,0,0,25.5,1821.8,0,0,0.0010041284
1,0,0,0,1,1,0,0,0,0,0,0,0,0,0,0,3,44.6,44.6,0,0,0.42651144
0,0,1,0,70,1,0,2,1,1,1,1,1,1,2,0,0,19.8,1397.65,0,0,0.00097187795
0,0,1,0,68,1,2,0,2,0,0,2,0,0,1,0,0,58.25,3975.7,0,0,0.0063393814
1,0,1,1,37,0,1,0,2,2,2,0,0,0,0,0,0,40.2,1448.8,1,0,0.10111033
0,0,1,1,41,1,0,2,1,1,1,1,1,1,2,0,0,19.7,804.25,0,0,0.000969387
1,1,0,0,4,1,0,1,2,0,0,0,0,0,0,0,2,75.35,273.4,0,0,0.18276519
1,0,0,0,4,1,0,1,0,0,0,0,2,2,0,1,2,88.45,370.65,1,1,0.85253644
1,0,0,0,72,1,2,1,0,2,2,0,2,2,2,1,2,103.65,7634.8,0,0,0.4446396
1,0,0,1,23,1,0,2,1,1,1,1,1,1,1,0,3,19.8,465.45,0,0,0.0015860234
0,0,0,0,15,1,2,2,1,1,1,1,1,1,2,0,0,25.05,369.1,0,0,0.008861072
1,0,0,0,13,0,1,0,2,0,0,2,2,0,0,1,1,45.55,597.0,1,0,0.053568605
0,0,0,0,5,1,0,2,1,1,1,1,1,1,0,1,3,20.5,104.3,0,0,0.082446836
0,0,1,0,46,1,0,0,2,2,0,2,0,2,1,0,3,70.6,3231.05,0,0,0.044807713
0,0,0,0,12,0,1,0,2,0,0,2,0,0,1,1,3,33.6,435.45,0,0,0.046003483
1,0,0,0,44,1,0,2,1,1,1,1,1,1,1,0,1,19.5,835.5,0,0,0.00087570626
0,0,0,0,68,0,1,0,0,2,0,2,0,2,0,0,2,44.95,3085.35,0,0,0.029980592
0,0,0,0,1,1,0,2,1,1,1,1,1,1,0,1,3,19.9,19.9,1,0,0.3253652
1,0,1,0,30,1,0,2,1,1,1,1,1,1,1,0,1,19.8,576.65,0,0,0.0013611575
1,0,1,1,41,1,2,1,0,0,2,2,2,2,1,1,2,102.6,4213.35,1,0,0.12286764
1,0,1,0,14,1,2,1,0,0,0,0,0,2,0,1,2,85.15,1139.2,1,1,0.92914253
0,0,1,0,59,1,2,1,2,2,0,0,2,0,0,1,2,94.75,5597.65,0,0,0.2529937
0,0,0,0,56,1,0,2,1,1,1,1,1,1,2,1,0,19.55,1080.55,0,0,0.026492877
0,1,0,0,11,1,2,1,0,0,0,0,0,2,0,1,1,84.8,906.85,1,1,0.7544591
1,0,0,0,54,1,2,1,2,2,0,2,2,2,2,1,1,108.0,5760.65,0,1,0.7322504
0,0,0,0,36,1,2,0,0,0,2,0,0,0,1,0,2,55.8,1941.5,0,0,0.018187942
1,0,0,0,16,1,0,2,1,1,1,1,1,1,2,0,3,19.75,284.35,0,0,0.0015905785
0,0,1,1,30,1,0,0,0,2,2,2,2,2,2,0,0,80.8,2369.3,0,0,0.003339745
1,0,0,0,46,1,2,1,0,0,0,0,0,0,0,0,0,72.8,3249.4,0,0,0.16145663
1,0,1,1,25,1,0,0,2,0,0,2,0,0,0,0,2,54.3,1296.8,0,0,0.09895145
0,1,0,0,8,1,2,1,0,0,0,0,0,0,0,1,2,75.75,606.25,1,0,0.44675338
0,0,1,1,57,1,2,0,2,2,0,2,0,0,0,0,0,65.2,3687.85,0,0,0.0067628995
0,1,1,0,72,1,2,1,2,2,2,2,2,2,2,1,1,116.75,8277.05,0,0,0.007549306
0,1,0,0,35,1,0,1,0,0,0,0,0,0,0,0,2,70.55,2419.0,0,1,0.56753063
0,0,0,0,1,1,0,0,0,0,0,0,0,0,0,1,3,45.4,45.4,1,1,0.5034403
1,0,1,0,6,1,2,1,0,0,0,0,0,0,0,1,2,75.5,438.0,1,1,0.7685689
0,0,1,1,45,1,2,2,1,1,1,1,1,1,1,1,1,25.9,1216.6,0,0,0.0032422675
1,1,0,0,1,1,0,0,0,0,0,0,0,0,0,0,2,45.2,45.2,0,1,0.63698816
0,0,0,0,72,1,2,1,2,0,0,2,0,0,2,1,0,84.7,6185.15,0,0,0.00078041694
0,0,1,1,72,0,1,0,2,2,2,2,0,2,2,0,1,55.65,3880.05,0,0,0.002962129
1,0,0,0,9,0,1,0,0,0,0,0,2,2,0,1,2,45.4,418.8,1,1,0.8036537
0,1,0,0,49,1,0,1,0,2,2,0,0,2,1,1,0,89.85,4287.2,0,0,0.05056064
0,0,0,0,23,1,0,1,0,2,2,2,0,0,0,0,0,83.2,2032.3,0,0,0.12253997
1,0,1,0,35,1,2,1,0,0,0,2,2,0,0,1,1,91.5,3236.35,0,0,0.10763451
1,0,0,0,5,0,1,0,2,2,2,2,0,0,0,1,3,43.25,219.0,1,0,0.13974501
1,0,1,1,13,1,0,1,2,0,0,0,0,2,0,0,2,84.05,1095.3,1,1,0.58270645
0,0,1,0,45,1,0,0,0,0,2,0,0,0,0,1,1,50.25,2221.55,0,0,0.17545949
1,0,1,0,12,1,0,0,0,0,2,2,2,2,0,1,2,74.15,741.4,0,0,0.21565202
0,0,0,0,72,1,0,2,1,1,1,1,1,1,2,1,0,21.15,1419.4,0,0,0.000119785414
0,0,1,1,1,1,0,2,1,1,1,1,1,1,0,1,3,19.4,19.4,0,0,0.3928325
0,0,0,0,37,1,2,0,2,2,2,2,2,0,0,1,1,78.9,2976.95,0,0,0.22870119
1,0,0,0,45,1,0,2,1,1,1,1,1,1,1,0,0,18.85,867.3,0,0,0.012744162
1,0,1,0,9,1,0,1,0,2,2,2,2,0,0,1,3,94.85,890.6,1,1,0.548504
1,0,0,0,15,1,0,1,0,0,2,2,2,2,0,1,2,101.35,1553.95,1,0,0.25142312
0,0,0,0,1,1,2,1,0,0,0,0,2,2,0,1,2,94.6,94.6,1,1,0.97541803
0,1,1,1,22,1,2,1,0,0,0,0,2,0,0,0,0,85.35,1961.6,0,0,0.35222426
1,0,0,0,2,1,0,1,0,0,0,0,0,2,0,1,2,80.95,171.15,1,1,0.8262804
1,1,0,0,60,1,2,0,2,2,0,0,0,2,1,1,2,71.75,4374.55,0,0,0.04646333
0,0,0,0,26,1,0,1,0,0,0,0,0,0,0,1,1,69.05,1815.65,0,0,0.3423489
0,0,0,1,15,1,0,2,1,1,1,1,1,1,1,0,3,19.65,270.6,0,0,0.0053451746
0,0,0,0,35,1,2,1,0,0,0,2,0,0,0,0,1,80.05,2835.9,0,1,0.63362
0,1,0,0,42,1,2,1,0,2,2,0,2,2,0,1,0,104.75,4323.45,1,1,0.71877235
1,0,1,0,43,1,0,0,0,0,0,0,2,0,1,1,3,56.35,2391.15,0,0,0.11975388
0,0,1,0,11,1,2,1,0,2,0,0,2,2,0,1,2,102.0,1145.35,1,1,0.97503936
1,0,0,0,37,1,2,0,2,2,2,2,2,2,1,1,0,90.6,3358.65,0,0,0.01833045
0,0,1,0,65,1,2,1,0,2,2,2,2,2,2,1,0,107.65,7082.85,0,0,0.021040514
1,0,0,0,1,1,0,0,0,0,0,0,0,0,0,0,3,46.3,46.3,1,0,0.34672022
0,0,0,0,16,1,2,0,0,0,2,0,0,2,0,1,1,65.2,1043.35,1,0,0.25535882
0,0,1,1,72,1,0,0,2,2,2,0,0,2,2,0,1,68.75,4888.2,0,0,0.0052953805
0,0,0,0,1,0,1,0,0,0,0,0,0,0,0,1,3,24.9,24.9,0,1,0.5134388
1,0,0,0,4,0,1,0,2,2,0,2,0,0,0,0,3,42.4,146.4,0,0,0.21510677
0,0,1,0,72,1,2,0,2,2,0,2,0,0,2,0,0,64.75,4804.75,0,0,0.0070716157
1,0,0,0,30,1,2,1,2,2,2,0,0,0,1,0,0,90.4,2820.65,0,0,0.017627247
0,0,0,0,5,1,0,1,0,2,0,0,2,0,0,1,3,85.3,420.45,0,1,0.90592086
1,0,0,1,53,1,0,1,2,2,2,0,0,2,1,0,2,95.95,5036.9,0,0,0.05864335
0,1,0,0,1,0,1,0,0,0,0,0,0,0,0,0,2,25.25,25.25,1,1,0.91648686
0,0,0,0,3,1,0,0,2,2,0,0,0,0,0,0,2,55.35,165.2,1,0,0.20282245
1,0,0,0,3,1,0,1,0,0,2,2,2,0,0,1,3,89.85,244.45,0,1,0.6069755
1,1,0,0,67,1,2,1,0,0,2,0,2,2,0,1,1,101.4,6841.05,0,0,0.44838524
1,0,1,1,23,1,0,0,2,0,0,2,0,0,1,0,1,57.2,1423.35,0,0,0.039513573
1,0,1,1,72,1,0,0,0,2,2,0,2,2,2,1,0,75.4,5480.25,0,0,0.026740564
0,0,0,0,26,0,1,0,0,0,2,2,2,0,0,1,1,44.45,1183.8,0,0,0.094912894
0,1,0,0,71,1,2,0,2,2,2,2,2,2,2,0,3,89.85,6293.45,0,0,0.0005986368
0,0,1,0,68,1,2,1,0,0,2,0,2,0,2,1,0,89.95,5974.3,0,0,0.013459914
0,0,0,0,2,1,2,1,0,0,0,0,0,0,0,1,2,75.9,143.35,1,1,0.80288565
0,0,1,1,64,1,2,0,2,2,2,2,2,2,2,1,3,90.6,5817.45,0,0,0.00030086236
1,0,1,0,22,1,0,2,1,1,1,1,1,1,0,1,0,20.45,471.55,0,0,0.0069449292
1,1,0,0,27,1,2,1,0,2,0,2,2,2,1,1,0,104.65,2964.0,0,0,0.09587962
1,0,1,1,60,1,2,1,0,2,0,2,2,2,0,1,0,103.75,5969.95,0,0,0.10801248
1,0,0,0,51,1,2,0,2,0,0,2,0,0,1,0,1,59.9,3043.6,0,0,0.14715399
0,0,0,0,8,1,0,1,2,0,0,0,2,0,0,0,2,84.95,668.4,1,1,0.6544688
0,0,0,1,7,1,0,1,0,0,0,0,0,0,0,1,2,71.05,472.65,0,1,0.73816055
0,0,1,1,24,1,0,2,1,1,1,1,1,1,2,1,3,19.7,494.05,0,0,0.00080877234
0,0,0,1,24,1,0,2,1,1,1,1,1,1,1,0,0,21.05,531.55,0,0,0.0034053687
1,1,0,0,39,1,2,1,0,0,0,0,2,2,0,1,0,95.65,3759.05,1,0,0.41692096
0,0,0,0,4,0,1,0,2,0,2,0,0,0,0,0,3,35.0,135.75,0,0,0.35707298
0,0,1,0,17,1,0,2,1,1,1,1,1,1,1,0,3,19.35,307.0,0,0,0.015336116
0,0,1,0,15,1,2,2,1,1,1,1,1,1,2,0,3,25.2,387.9,0,0,0.004128285
0,1,0,0,70,1,2,0,0,2,2,2,2,0,2,1,0,75.5,5212.65,0,0,0.019199219
0,0,0,1,1,1,0,1,0,0,0,0,0,2,0,1,2,79.6,79.6,1,1,0.89254946
0,0,1,1,34,0,1,0,2,0,2,2,2,2,1,0,3,61.25,1993.2,0,0,0.025076933
0,0,1,0,26,1,2,1,0,2,0,0,0,0,0,0,0,79.3,2015.8,0,0,0.2535365
1,0,1,1,55,1,0,2,1,1,1,1,1,1,2,0,3,20.5,1177.95,0,0,0.0026075158
0,0,1,0,27,1,2,1,0,0,2,0,0,2,0,0,0,90.15,2423.4,0,0,0.47641638
1,0,1,1,26,1,0,0,0,0,2,0,0,0,1,0,3,50.35,1285.8,0,0,0.0045361035
1,0,0,0,39,1,2,1,0,0,0,0,0,0,0,1,1,73.15,2730.85,0,0,0.3877417
1,1,0,0,20,1,0,1,0,0,0,0,0,0,0,0,1,71.3,1389.2,1,0,0.08547385
1,0,1,0,24,1,0,0,2,0,0,2,0,0,0,0,3,53.6,1315.35,0,0,0.03256745
0,0,1,0,68,1,2,1,0,2,2,2,0,0,2,0,1,90.2,6297.65,0,0,0.0063826726
1,1,1,0,16,1,0,1,0,2,0,0,0,0,0,1,1,74.3,1178.25,1,1,0.5683997
0,0,0,0,1,1,0,1,0,0,0,0,0,0,0,0,3,71.1,71.1,0,1,0.90411425
1,0,1,0,70,0,1,0,0,2,2,2,0,2,1,1,0,51.05,3635.15,0,0,0.07801927
1,1,0,0,3,1,0,1,0,0,0,0,2,0,0,1,2,79.9,260.9,1,1,0.5847292
0,0,1,0,24,1,0,1,0,2,2,0,2,2,0,1,1,99.3,2431.35,1,1,0.52896917
1,0,1,1,72,1,2,0,2,2,2,2,2,2,2,1,1,91.95,6614.9,0,0,0.0001241091
1,0,0,0,1,1,0,2,1,1,1,1,1,1,0,1,3,19.75,19.75,0,1,0.66056263
0,0,0,0,31,0,1,0,2,2,0,2,0,2,2,1,0,49.85,1520.1,0,0,0.0030432716
0,0,1,0,1,0,1,0,0,0,0,0,0,0,0,1,2,24.8,24.8,1,1,0.55855334
1,0,1,0,50,1,2,1,0,0,0,2,2,2,1,0,2,99.4,5059.75,0,0,0.14044797
0,0,0,0,61,1,2,0,0,2,2,2,2,2,2,0,1,88.65,5321.25,0,0,0.003007953
1,1,1,0,11,1,0,1,0,0,0,0,0,0,0,1,2,70.2,834.7,0,1,0.50954556
0,0,0,0,2,1,0,0,0,0,0,0,0,0,0,0,2,45.55,84.4,0,1,0.6081017
0,1,0,0,64,1,2,0,0,2,2,2,0,2,0,0,1,74.65,4869.35,0,0,0.054209936
0,0,0,0,18,0,1,0,2,2,0,2,0,0,1,1,3,40.2,711.95,0,0,0.023537751
0,0,1,0,45,1,2,2,1,1,1,1,1,1,2,0,3,25.5,1121.05,0,0,0.0040855333
1,0,1,1,31,1,2,0,0,0,0,0,0,2,0,0,0,59.7,1825.5,0,0,0.092216894
0,0,1,1,61,1,2,2,1,1,1,1,1,1,2,1,3,24.1,1551.6,0,0,0.0026113407
0,1,0,0,31,1,0,1,2,0,0,0,0,0,0,1,1,73.55,2094.65,0,1,0.54600585
0,0,1,0,57,1,0,2,1,1,1,1,1,1,2,0,0,19.9,1115.6,0,0,0.014309538
0,0,1,1,28,1,2,1,0,0,0,2,0,2,1,1,2,90.45,2509.25,0,0,0.16835034
1,0,0,0,37,1,0,0,2,2,2,2,0,0,2,0,0,65.6,2313.8,0,0,0.004227597
0,0,1,0,46,1,2,1,0,2,0,2,2,2,1,1,2,103.15,4594.65,0,0,0.20919538
0,0,0,0,19,1,0,2,1,1,1,1,1,1,0,0,3,19.9,367.55,0,0,0.01241413
0,0,0,0,63,1,0,2,1,1,1,1,1,1,2,1,3,20.6,1298.7,0,0,0.0014138529
1,0,0,1,69,1,2,0,2,2,2,2,2,0,2,1,1,79.45,5502.55,0,0,0.058030378
0,0,1,1,19,1,2,1,0,0,0,2,0,2,1,1,0,89.35,1686.85,0,0,0.23610985
0,0,1,0,31,1,0,1,0,2,0,0,0,2,0,1,0,83.85,2674.15,0,0,0.48092118
0,1,0,0,18,1,0,2,1,1,1,1,1,1,1,0,0,20.35,369.6,0,0,0.010914113
0,0,0,0,44,1,2,0,0,0,0,0,0,0,0,1,3,50.15,2139.1,0,0,0.27155727
1,1,1,0,1,1,0,1,0,0,0,0,0,0,0,1,2,70.3,70.3,1,1,0.643215
1,0,0,0,1,1,0,1,0,0,0,0,2,2,0,1,2,89.9,89.9,1,1,0.8305154
0,0,0,0,11,0,1,0,0,0,0,0,2,0,0,1,3,35.8,363.15,0,0,0.46007645
0,0,0,0,22,1,0,2,1,1,1,1,1,1,1,0,0,20.85,450.65,0,0,0.0022008345
1,0,1,0,23,1,2,1,0,2,2,0,0,0,0,0,2,84.25,1968.1,0,0,0.42177972
0,0,0,0,37,1,0,1,0,2,2,0,0,0,1,0,2,80.05,3019.1,0,0,0.16868688
1,0,1,0,46,0,1,0,2,0,2,2,0,0,2,0,1,40.4,1842.7,0,0,0.005494452
0,0,0,0,20,1,0,2,1,1,1,1,1,1,1,1,1,19.35,433.75,0,0,0.013828522
0,0,0,0,1,1,0,0,0,0,0,2,0,0,0,1,2,50.8,50.8,1,1,0.8684273
0,0,1,1,58,1,2,0,2,0,2,2,2,0,2,0,3,75.8,4415.75,0,0,0.0032487172
0,0,1,1,71,1,2,1,2,2,2,2,0,0,1,1,1,95.15,6770.85,0,0,0.0033855734
0,0,0,0,29,1,2,0,0,0,0,0,2,2,1,1,1,71.0,2080.1,0,0,0.021848038
0,0,1,0,64,1,2,0,2,2,2,2,0,2,2,1,3,81.3,5129.3,0,0,0.000842251
1,1,0,0,1,1,2,1,0,0,0,0,0,0,0,1,2,73.65,73.65,1,1,0.6426313
1,0,0,0,1,1,0,2,1,1,1,1,1,1,0,0,0,20.05,20.05,1,0,0.036420584
1,0,1,1,70,0,1,0,0,2,2,2,2,2,1,0,2,60.35,4138.7,0,0,0.024917934
1,0,0,0,13,1,0,2,1,1,1,1,1,1,1,1,3,19.95,257.0,0,0,0.0028784382
1,0,0,0,57,0,1,0,0,2,0,0,2,0,0,1,2,39.3,2111.45,1,0,0.42493746
0,1,0,0,57,1,2,1,2,0,2,2,0,2,2,0,1,101.3,5779.6,0,0,0.01817892
0,0,1,1,6,1,0,2,1,1,1,1,1,1,2,0,3,20.1,100.35,0,0,0.00048020383
1,1,1,0,63,0,1,0,2,0,0,2,0,0,1,0,0,36.1,2298.9,0,0,0.007543874
0,0,0,0,8,1,0,2,1,1,1,1,1,1,0,0,3,19.2,156.85,0,0,0.094445236
1,0,1,1,23,1,2,0,0,0,0,0,0,0,1,1,1,48.35,1067.15,1,0,0.025821932
0,0,0,0,40,1,0,0,0,0,2,0,0,0,1,1,3,50.25,2023.55,0,0,0.080916815
0,0,1,1,59,1,2,2,1,1,1,1,1,1,2,0,3,25.45,1534.05,0,0,0.002866601
0,0,0,0,18,1,0,2,1,1,1,1,1,1,1,0,3,20.1,407.05,0,0,0.003963949
1,0,0,0,17,1,0,1,0,2,2,0,0,2,0,1,1,90.95,1612.2,0,0,0.3028174
1,1,0,0,46,1,0,1,2,0,0,0,0,2,0,0,2,85.0,3969.4,1,0,0.46619838
0,0,1,1,16,1,0,2,1,1,1,1,1,1,0,0,2,20.4,321.4,0,0,0.14591423
1,0,0,0,22,1,2,1,0,0,0,0,0,2,0,0,2,83.05,1799.3,0,0,0.3030603
0,0,1,0,62,1,0,0,2,0,2,2,2,2,2,0,3,81.0,4985.9,0,0,0.0015133693
1,0,1,0,56,0,1,0,0,0,2,2,2,2,1,1,0,54.05,2959.8,0,0,0.30908832
0,1,1,0,5,1,2,1,0,2,0,0,0,0,0,1,2,81.0,371.65,1,1,0.66690576
0,0,1,0,72,1,2,0,2,2,0,2,2,2,2,1,0,86.4,6058.95,0,0,0.00040427892
0,0,0,0,9,1,0,0,0,0,0,0,0,0,0,0,2,45.15,416.45,1,0,0.2952347
1,0,1,0,66,1,2,1,2,2,2,2,2,2,1,0,0,115.8,7942.15,0,0,0.25822547
1,0,1,0,28,1,2,1,0,2,2,0,2,0,0,0,1,96.6,2684.35,0,0,0.21812269
0,0,1,1,56,1,0,1,0,0,0,0,2,2,1,0,0,88.9,4968.0,0,0,0.035914153
1,0,0,0,1,1,0,0,0,0,0,0,0,0,0,1,3,45.85,45.85,1,1,0.57675076
1,1,0,0,24,1,2,1,0,2,2,0,2,2,0,1,1,102.95,2496.7,1,0,0.33265418
0,0,0,0,51,1,0,2,1,1,1,1,1,1,2,0,0,20.65,1020.75,0,0,0.005054722
1,0,1,1,4,1,0,0,0,0,0,2,0,2,0,0,1,61.45,229.55,1,0,0.09075186
1,0,1,1,23,1,2,0,0,2,0,2,0,0,2,0,3,59.7,1414.2,0,0,0.0043472666
0,0,1,1,30,1,0,1,0,0,2,0,0,2,1,0,2,86.45,2538.05,0,0,0.31052083
1,0,1,0,61,1,0,2,1,1,1,1,1,1,1,1,1,20.55,1252.0,0,0,0.0072523854
0,0,0,0,31,1,0,2,1,1,1,1,1,1,2,0,1,20.9,689.35,0,0,0.020661965
1,0,0,0,1,1,0,1,0,0,0,0,0,0,0,1,2,69.6,69.6,1,1,0.96046126
0,0,1,1,4,1,0,2,1,1,1,1,1,1,0,0,3,20.35,76.35,1,0,0.07301961
1,0,0,0,14,1,0,1,0,0,2,0,0,0,0,0,2,76.45,1117.55,0,1,0.5384826
0,0,1,0,50,1,2,1,2,0,2,0,2,2,1,1,3,104.4,5232.9,0,0,0.09390756
1,0,0,0,6,1,0,1,0,0,0,0,0,0,0,1,2,69.1,435.0,0,1,0.5929477
0,0,0,1,15,1,0,1,0,2,0,0,0,2,0,1,0,85.9,1269.55,1,0,0.09600084
0,0,1,0,54,1,2,0,0,0,0,0,2,2,1,1,1,70.15,3715.65,1,0,0.09834951
1,1,0,0,52,1,2,1,0,2,2,2,2,2,0,1,2,110.75,5832.0,0,1,0.6592527
0,0,0,0,30,1,2,1,0,2,0,0,2,2,0,1,2,100.2,2983.8,1,1,0.656211
1,0,1,1,3,1,0,0,0,0,2,0,0,0,0,1,2,50.15,168.15,1,0,0.41293928
1,0,1,1,31,1,0,0,0,0,2,2,0,0,0,0,3,54.35,1647.0,0,0,0.091752745
1,1,1,0,58,0,1,0,0,2,2,0,0,2,0,1,2,45.3,2651.2,1,1,0.816994
0,0,1,1,72,0,1,0,0,2,2,2,2,2,2,1,2,60.0,4264.0,0,0,0.014949509
1,0,0,0,15,1,2,0,0,0,0,0,0,0,0,0,2,51.55,765.5,1,0,0.18899491
0,0,0,0,14,1,0,0,2,0,0,2,0,0,1,0,3,55.7,795.15,0,0,0.017006963
0,1,0,0,1,1,2,1,0,0,0,0,0,0,0,1,3,74.45,74.45,1,1,0.9243797
1,0,1,1,60,1,2,2,1,1,1,1,1,1,1,0,1,23.95,1506.4,0,0,0.0052272943
1,0,1,1,21,1,0,2,1,1,1,1,1,1,1,0,3,19.8,350.1,0,0,0.005559441
1,1,1,0,33,1,2,1,0,2,0,0,2,2,0,1,0,100.6,3270.25,0,0,0.44336718
1,0,1,0,65,1,2,1,2,2,2,0,0,0,1,0,2,89.75,5769.6,1,0,0.015348283
1,1,1,0,67,1,0,0,2,2,0,2,0,0,1,1,0,60.95,4119.4,0,0,0.00033925957
0,1,0,0,9,1,2,1,0,0,0,0,0,2,0,1,2,84.45,762.5,1,1,0.9220358
1,1,1,1,28,1,2,0,0,0,0,0,0,0,1,1,2,51.0,1381.8,0,0,0.022684429
0,0,1,1,32,1,2,1,0,2,0,0,2,2,0,1,2,98.85,3089.6,0,0,0.4850665
1,0,1,1,68,1,0,1,2,2,2,0,2,2,2,1,1,103.25,7074.4,0,0,0.045885287
0,0,1,0,26,1,2,0,2,2,2,2,2,2,1,1,1,90.1,2312.55,0,0,0.10101393
0,0,1,1,3,1,0,0,0,0,0,0,0,0,0,0,3,44.3,134.5,1,0,0.12838864
1,0,1,1,69,1,2,2,1,1,1,1,1,1,2,1,0,26.0,1796.55,0,0,0.0010588368
1,0,1,0,36,1,2,1,0,0,0,0,2,2,0,1,0,95.0,3440.25,0,0,0.1593335
1,0,0,0,52,1,0,0,2,2,0,0,2,0,2,1,1,63.25,3342.45,0,0,0.015704505
0,1,1,0,34,1,0,0,0,0,2,2,2,0,1,0,0,64.2,2106.3,0,0,0.011707975
0,0,1,0,50,1,2,1,2,2,0,2,2,2,1,0,2,108.55,5610.7,1,0,0.13772033
1,1,1,0,30,1,2,0,0,0,2,0,2,2,2,0,2,74.85,2181.75,0,0,0.006372686
0,0,1,1,69,1,2,2,1,1,1,1,1,1,2,1,0,25.6,1673.4,0,0,0.0012556621
0,0,1,0,4,1,2,1,0,2,0,0,2,0,0,1,2,91.65,365.4,1,1,0.813097
0,0,1,1,67,1,0,1,2,2,2,0,0,0,1,0,0,84.8,5598.3,0,0,0.01252085
0,0,0,0,14,1,0,1,0,0,0,0,0,0,0,1,1,71.0,914.0,1,0,0.28623566
0,0,1,0,53,1,0,2,1,1,1,1,1,1,1,0,0,20.8,1021.8,1,0,0.008327997
1,1,1,0,72,1,2,1,0,2,2,2,2,2,2,1,0,109.75,7932.5,0,0,0.023840755
1,0,0,0,46,1,0,2,1,1,1,1,1,1,2,0,2,19.95,907.05,0,0,0.008209041
0,0,1,1,71,1,0,2,1,1,1,1,1,1,2,0,0,19.85,1326.35,0,0,0.00049057836
1,0,0,0,22,1,2,1,0,2,0,0,0,0,0,1,3,78.85,1600.25,0,0,0.36333856
0,0,1,0,17,1,2,1,2,0,0,0,0,0,0,0,2,78.9,1348.95,0,0,0.3336434
1,1,0,0,32,1,2,1,0,0,0,0,2,2,0,1,1,96.15,3019.25,1,1,0.72747815
0,0,0,0,9,1,0,1,0,0,0,0,0,0,0,0,2,69.05,651.5,0,0,0.28938293
0,0,0,0,23,1,2,2,1,1,1,1,1,1,1,0,1,24.8,615.35,0,0,0.0034668385
1,0,1,0,47,1,0,0,0,2,2,0,2,2,2,0,2,73.6,3522.65,0,0,0.018319482
0,0,1,1,60,1,0,0,0,2,2,2,2,2,2,1,0,80.6,4946.7,0,0,0.00043214057
1,0,1,1,50,0,1,0,2,0,0,0,2,0,0,1,1,39.45,2021.35,0,0,0.029837778
0,1,1,0,66,1,2,1,0,0,2,2,2,2,1,1,1,105.95,6975.25,1,0,0.1508198
1,1,1,0,54,1,2,1,0,2,2,2,2,2,2,1,2,110.45,6077.75,0,1,0.6844128
1,0,1,1,72,1,2,2,1,1,1,1,1,1,2,0,1,24.1,1734.65,0,0,5.3737716e-05
0,0,0,1,1,1,0,1,0,0,0,0,2,0,0,1,2,79.35,79.35,1,1,0.8830802
0,0,0,0,1,1,0,0,0,0,0,0,0,0,0,0,0,44.15,44.15,0,0,0.43904665
0,0,1,1,16,1,0,0,2,2,0,2,0,2,2,0,0,68.25,1114.85,0,0,0.00686659
0,0,0,0,34,1,2,0,0,0,0,2,2,0,0,0,3,65.0,2157.5,0,0,0.14215186
0,0,0,0,3,1,0,1,0,2,0,0,2,0,0,0,2,83.75,247.25,1,0,0.23745301
0,0,0,0,12,1,2,1,2,0,0,0,0,0,0,1,2,78.95,927.35,1,0,0.42556527
0,1,1,0,5,1,2,1,0,0,0,0,0,0,0,1,2,74.35,334.8,1,1,0.7632884
1,0,0,0,1,1,0,0,0,2,0,0,0,0,0,0,3,50.65,50.65,1,1,0.680766
1,1,1,0,59,0,1,0,0,2,0,0,2,2,0,1,2,50.25,2997.45,0,1,0.92989904
1,0,0,0,26,1,2,1,0,0,0,2,0,0,0,1,2,80.5,2088.8,1,0,0.16354752
0,0,1,0,1,1,0,2,1,1,1,1,1,1,0,1,0,20.3,20.3,0,0,0.43235934
1,0,1,1,71,1,0,1,2,2,2,0,2,2,1,1,0,104.65,7288.4,0,0,0.03642151
1,0,1,1,63,1,0,2,1,1,1,1,1,1,2,1,3,19.15,1177.05,0,0,0.017781423
0,0,1,1,18,1,0,2,1,1,1,1,1,1,0,0,3,20.45,357.0,0,0,0.01062428
0,0,0,1,14,1,2,1,2,0,0,2,0,0,0,1,3,86.0,1164.05,0,0,0.44920477
0,0,1,1,64,1,2,1,0,2,2,0,0,2,1,1,2,92.85,5980.75,0,0,0.022111671
0,0,1,0,56,1,2,1,2,0,0,0,2,2,1,1,2,98.0,5270.6,0,0,0.15236641
1,0,0,1,26,0,1,0,0,2,0,0,2,0,1,1,0,39.95,1023.75,0,0,0.055458784
1,0,0,0,54,1,0,0,2,2,0,0,2,0,2,1,0,65.3,3512.9,0,0,0.035846047
1,0,1,0,3,1,0,0,0,0,2,2,0,0,0,1,3,55.8,154.55,0,0,0.30382243
0,0,0,0,2,0,1,0,0,0,0,0,0,2,0,1,2,34.7,62.25,1,1,0.88899475
0,0,1,0,40,1,2,1,0,0,0,2,0,0,0,1,1,78.85,3126.85,0,1,0.54061556
0,0,1,1,28,1,0,1,0,0,0,0,2,2,1,1,0,90.1,2598.95,1,0,0.14272884
1,0,1,0,22,1,0,1,2,2,0,2,2,2,0,1,2,104.6,2180.55,0,0,0.32526296
1,0,0,0,69,1,2,2,1,1,1,1,1,1,2,0,0,23.95,1713.1,0,0,0.0043926365
0,0,1,1,27,1,0,0,0,2,0,0,0,0,0,0,3,49.85,1336.15,0,0,0.016854053
0,0,1,0,71,0,1,0,2,2,2,2,2,2,1,0,0,66.8,4689.15,0,0,0.02563603
0,0,1,1,62,1,0,0,2,0,2,2,2,0,1,1,0,70.75,4263.45,0,0,0.0011265911
1,0,0,1,1,1,0,2,1,1,1,1,1,1,0,1,3,19.3,19.3,0,1,0.8698674
1,0,1,1,37,1,0,2,1,1,1,1,1,1,2,0,0,19.8,726.1,0,0,0.0020243437
0,0,1,0,49,0,1,0,0,2,0,2,2,2,1,1,1,56.3,2780.6,0,0,0.20592694
1,1,1,0,41,0,1,0,0,2,2,0,2,2,0,1,2,53.95,2215.4,0,1,0.8262311
0,0,0,0,63,1,2,1,2,2,2,0,2,2,0,0,1,108.25,6780.1,0,0,0.06122227
0,0,1,1,17,1,2,1,0,0,2,0,2,0,0,0,2,88.25,1460.65,1,1,0.7212435
1,0,0,1,1,1,0,2,1,1,1,1,1,1,0,1,3,19.45,19.45,1,0,0.46268588
1,1,0,0,55,1,2,1,2,0,0,0,2,2,0,1,2,98.8,5617.75,1,0,0.2171062
0,0,1,0,22,1,0,1,0,0,0,0,0,0,0,1,2,69.25,1554.0,1,0,0.22948591
0,0,0,0,15,0,1,0,2,2,2,2,0,0,1,0,3,45.9,693.45,0,0,0.022713782
0,0,0,0,35,1,0,2,1,1,1,1,1,1,0,0,0,19.25,617.65,0,0,0.00600392
1,0,0,0,1,1,0,2,1,1,1,1,1,1,0,1,3,20.2,20.2,1,1,0.78379774
1,0,0,0,69,0,1,0,0,2,2,0,0,0,1,1,0,35.75,2492.25,0,0,0.03318503
0,0,1,0,63,1,2,1,0,2,0,0,0,0,0,1,0,81.55,5029.05,0,0,0.04137802
0,0,1,0,58,1,2,1,0,2,2,0,0,2,1,1,2,94.3,5610.15,0,0,0.15844437
1,0,0,0,66,1,2,2,1,1,1,1,1,1,1,0,0,25.45,1699.15,0,0,0.0026422145
0,0,1,1,43,1,2,1,0,0,2,0,2,2,0,1,0,99.3,4209.95,0,0,0.24230298
0,0,1,1,26,0,1,0,2,2,0,2,0,0,0,0,1,38.85,1025.15,0,0,0.061092
1,0,1,1,56,1,2,1,0,0,2,2,2,2,2,1,2,103.2,5873.75,0,0,0.30087373
1,1,0,0,68,1,2,1,0,2,2,0,0,2,0,1,2,95.9,6503.2,0,0,0.21570858
0,0,1,1,18,1,0,0,0,0,0,0,2,0,0,0,3,55.95,1082.8,0,0,0.11305315
0,0,1,0,34,1,2,0,2,2,0,2,0,0,0,0,2,62.65,2274.9,1,0,0.2072899
1,1,1,0,38,0,1,0,0,0,0,0,0,0,0,1,2,24.85,955.75,0,0,0.37472916
1,0,1,1,2,1,0,0,2,2,0,2,0,0,2,0,3,59.5,130.5,0,0,0.01071625
1,0,1,1,20,0,1,0,2,0,2,2,0,0,2,1,1,39.4,825.4,0,0,0.0050954553
1,0,1,0,64,1,2,0,0,2,0,2,0,2,1,1,3,70.15,4480.7,0,0,0.018216541
1,1,0,1,56,1,0,1,2,0,0,0,2,2,1,0,1,94.8,5264.3,0,0,0.15927342
0,0,0,0,68,1,0,2,1,1,1,1,1,1,2,0,1,20.5,1424.9,0,0,0.0003577358
1,0,1,0,17,1,2,1,0,2,2,0,2,2,0,1,2,102.55,1742.5,0,1,0.6623369
1,0,1,1,46,1,0,2,1,1,1,1,1,1,2,0,1,19.95,862.4,0,0,0.0009936459
0,1,0,0,28,1,2,1,0,2,2,0,2,2,0,1,2,106.15,3152.5,1,1,0.6612603
1,0,1,1,2,1,2,0,2,0,0,0,0,0,0,0,3,56.7,113.55,1,0,0.14421964
1,0,0,0,65,1,2,1,0,2,2,2,2,2,0,1,2,109.15,6941.2,1,0,0.17189166
1,0,1,1,17,1,0,1,2,0,2,0,2,0,0,1,2,89.4,1539.45,1,0,0.41171026
1,1,0,0,51,1,0,1,0,0,2,0,2,2,1,1,0,94.0,4905.75,0,0,0.173797
1,0,0,0,60,1,2,1,0,2,0,0,2,0,0,1,0,89.9,5450.7,0,0,0.30542192
1,0,1,0,16,1,2,1,0,0,0,0,0,0,0,1,0,73.85,1284.2,1,0,0.22705626
1,1,1,0,24,1,2,1,2,0,0,0,0,0,0,1,2,78.85,1772.25,1,0,0.40094042
1,0,0,0,1,1,0,0,0,0,0,0,0,2,0,1,3,55.7,55.7,1,1,0.6825737
0,0,0,0,71,1,0,0,2,2,2,2,2,0,2,0,1,77.35,5550.1,0,0,0.0014120102
0,0,1,1,53,1,2,1,2,2,2,2,0,2,2,1,0,104.05,5566.4,0,0,0.07566888
0,0,0,0,18,1,2,0,2,0,2,0,0,0,0,1,3,60.6,1156.35,0,0,0.23384121
0,0,0,1,67,1,2,1,0,2,0,2,2,2,1,1,0,106.6,7244.7,0,0,0.04017053
0,1,0,0,4,1,2,1,0,0,0,0,2,2,0,1,2,94.3,424.45,1,1,0.98969567
1,0,0,0,10,0,1,0,0,0,2,0,0,0,0,0,3,29.5,255.25,1,0,0.27438343
1,0,1,1,43,1,2,2,1,1,1,1,1,1,2,0,3,24.25,1077.95,0,0,0.0025120706
0,0,1,0,43,1,2,1,0,2,0,0,0,0,0,0,2,80.45,3398.9,0,0,0.4009283
0,0,0,0,60,0,1,0,2,0,2,0,2,2,2,0,2,53.6,3237.05,0,0,0.09027888
1,0,0,0,1,1,0,1,0,0,0,2,0,0,0,1,2,75.9,75.9,1,1,0.7473041
1,0,0,0,7,1,2,1,0,0,2,0,2,0,0,1,2,90.45,593.45,1,1,0.7298657
0,0,0,0,21,1,0,1,0,2,2,0,0,2,0,1,2,90.05,1862.9,0,0,0.4113172
1,1,0,1,1,1,0,0,0,0,2,0,0,0,0,1,3,50.15,50.15,1,0,0.46960792
1,0,0,0,5,1,0,1,0,2,0,0,0,0,0,1,2,74.65,383.65,0,1,0.7081757
0,0,1,1,36,1,2,0,2,2,2,2,2,2,2,1,1,92.9,3379.25,0,0,0.0035232394
1,1,1,0,53,1,2,0,2,0,0,2,0,0,1,1,2,60.05,3229.65,1,0,0.04195091
0,1,1,0,1,1,2,1,0,0,0,0,0,0,0,1,2,74.45,74.45,1,1,0.8853164
0,0,0,0,53,1,0,1,0,2,2,2,0,2,1,1,1,94.45,5042.75,0,0,0.062321473
0,0,1,0,50,1,2,0,0,0,2,0,2,2,1,0,0,75.7,3876.2,0,0,0.068835765
1,0,1,0,66,1,2,1,0,2,0,2,2,2,1,1,2,104.05,6890.0,1,0,0.23185499
0,0,1,1,54,1,2,0,0,2,2,0,0,0,2,1,0,59.8,3246.45,0,0,0.0045866827
0,0,1,1,28,1,0,2,1,1,1,1,1,1,0,1,0,19.55,543.8,0,0,0.059745222
0,0,0,0,4,1,0,0,0,0,0,0,0,0,0,1,3,45.3,196.95,1,0,0.31880808
0,0,0,0,41,1,2,1,2,2,2,2,2,2,0,1,0,114.5,4527.45,1,0,0.37717545
0,0,1,1,30,1,0,0,2,0,0,2,0,2,0,0,0,66.3,1923.5,0,0,0.19844775
0,1,0,0,1,0,1,0,0,0,0,0,0,0,0,1,2,25.2,25.2,1,1,0.9238421
1,0,1,0,54,1,2,1,2,2,2,0,2,2,0,0,2,109.55,6118.95,0,1,0.56978136
1,0,1,1,8,1,0,2,1,1,1,1,1,1,2,0,1,19.6,125.0,0,0,0.0017410375
1,1,1,0,55,1,2,1,0,2,2,2,2,2,2,1,2,113.6,6292.7,0,1,0.6000974
0,0,0,1,63,1,0,2,1,1,1,1,1,1,2,0,1,19.5,1215.1,0,0,0.0015275555
1,0,0,0,68,1,0,1,0,2,2,0,0,0,1,0,1,79.6,5461.45,0,0,0.22149436
0,0,1,1,2,1,0,1,0,0,0,0,0,0,0,1,2,71.65,135.75,0,0,0.46351218
1,0,0,0,6,1,0,2,1,1,1,1,1,1,1,0,3,20.6,116.6,0,0,0.0036326041
0,0,0,0,13,1,2,1,0,0,0,0,0,0,0,1,3,75.0,999.45,1,0,0.2392236
1,0,0,0,72,1,0,0,2,2,2,2,2,0,2,1,0,75.1,5336.35,0,0,0.001798202
1,0,1,0,17,1,0,1,0,0,2,0,2,2,1,1,0,96.65,1588.25,0,0,0.15181874
1,1,0,0,15,1,0,1,0,2,0,0,0,0,0,1,2,74.4,1074.3,1,1,0.8063656
0,1,0,0,65,1,2,1,0,2,2,0,2,0,0,1,0,95.45,6223.3,0,0,0.1860765
1,0,0,0,58,1,0,2,1,1,1,1,1,1,2,0,1,20.3,1131.5,0,0,0.035916332
1,1,1,1,68,1,2,1,0,2,2,0,0,0,0,1,2,84.65,5683.6,0,1,0.68286127
0,0,1,1,66,1,0,0,2,2,0,2,0,0,2,1,1,58.2,3810.8,0,0,0.004829378
0,1,1,0,70,1,2,1,2,0,0,0,0,2,0,1,2,90.85,6470.1,0,0,0.10491105
0,0,0,0,19,0,1,0,0,2,0,0,0,2,0,1,2,39.7,710.05,0,1,0.62703633
1,0,1,0,17,0,1,0,0,0,2,2,2,2,1,0,2,54.6,934.8,0,1,0.66613984
1,0,0,0,22,1,2,1,2,0,0,0,2,2,0,1,2,100.75,2095.0,1,0,0.44292417
1,1,0,0,48,1,2,1,0,2,0,0,2,2,1,1,2,99.0,4744.35,0,1,0.6255531
1,0,0,0,63,1,2,1,0,2,0,0,0,2,1,0,1,90.45,5825.5,0,0,0.022690773
1,0,1,0,67,1,2,1,0,2,2,0,0,2,2,1,2,93.15,6368.2,0,0,0.016955137
0,1,1,0,67,1,2,1,2,0,2,0,2,2,1,1,1,107.05,7142.5,0,0,0.1731481
0,0,1,0,67,1,2,2,1,1,1,1,1,1,2,1,1,25.25,1733.15,0,0,0.0007120784
0,0,0,0,4,1,2,1,0,0,0,2,2,2,0,1,3,100.85,399.25,0,1,0.71086943
1,0,1,0,40,1,2,0,0,2,0,2,2,0,1,0,1,70.75,2921.75,0,0,0.017759383
1,0,0,0,5,1,2,1,0,2,2,0,2,2,0,0,3,104.1,541.9,1,1,0.54206157
1,0,0,0,30,1,2,1,0,0,0,2,0,2,0,1,1,89.9,2723.15,0,0,0.21779025
0,0,0,0,70,1,2,1,2,2,2,2,2,2,1,0,1,115.55,8127.6,1,0,0.18750016
0,0,1,1,72,1,2,2,1,1,1,1,1,1,2,0,3,24.9,1859.2,0,0,0.000116503994
0,0,0,0,1,1,0,0,0,2,0,0,0,0,0,1,2,48.6,48.6,0,0,0.4581162
1,0,0,0,1,1,0,1,0,0,0,0,2,2,0,1,2,88.35,88.35,1,1,0.90516096
0,1,0,0,59,1,2,1,0,2,0,0,0,0,2,1,1,79.2,4590.35,0,0,0.05776236
0,0,1,1,68,1,2,1,0,0,0,0,2,0,1,1,2,83.0,5685.8,1,0,0.121801674
0,0,1,0,53,1,0,1,2,2,2,0,2,2,1,1,0,106.1,5769.75,1,0,0.45999497
0,1,0,0,8,1,0,1,0,0,2,0,0,0,0,1,0,74.05,600.15,0,0,0.47991693
0,0,0,0,7,1,0,0,2,2,0,2,2,2,0,1,2,78.5,571.05,0,0,0.05957647
0,0,0,0,2,1,0,2,1,1,1,1,1,1,0,0,3,19.4,61.05,0,0,0.041994262
1,0,1,0,47,1,0,2,1,1,1,1,1,1,1,0,0,19.9,942.95,0,0,0.023833359
0,0,1,0,2,1,0,1,2,2,0,0,2,0,0,0,2,90.35,190.5,0,0,0.06368127
0,0,1,1,51,1,2,1,0,0,0,2,0,0,0,1,2,80.75,4116.9,0,0,0.25305304
1,0,0,0,18,1,0,0,2,0,2,2,2,0,0,1,2,68.35,1299.8,0,0,0.09670982
1,0,0,0,33,1,0,2,1,1,1,1,1,1,2,0,3,20.35,689.75,0,0,0.001305123
0,0,0,0,60,1,2,2,1,1,1,1,1,1,2,0,3,25.0,1505.05,0,0,0.0006792474
0,0,0,0,72,1,2,1,2,2,2,2,2,2,2,1,2,114.9,8496.7,0,0,0.014774111
0,0,0,0,1,1,0,0,2,0,0,0,0,0,0,1,0,48.45,48.45,0,1,0.51538664
1,0,1,1,48,1,2,2,1,1,1,1,1,1,2,0,0,26.3,1245.05,0,0,0.003772527
1,0,1,1,7,0,1,0,2,0,0,2,0,0,0,1,2,34.5,279.25,1,0,0.37584332
1,0,0,0,53,1,2,2,1,1,1,1,1,1,2,0,3,24.6,1279.0,0,0,0.009739263
1,1,1,0,46,0,1,0,0,2,2,2,2,2,1,1,0,59.9,2816.65,1,1,0.5098151
0,0,0,0,11,1,0,0,2,0,0,2,0,0,1,1,3,54.6,617.85,0,0,0.042655416
1,1,1,0,2,1,0,1,0,0,2,0,2,2,0,1,1,95.5,181.65,0,1,0.9409988
0,0,1,0,58,1,2,1,2,2,2,0,2,2,1,1,1,110.65,6526.65,0,0,0.36878604
0,0,0,0,2,1,0,2,1,1,1,1,1,1,0,0,3,19.95,38.15,0,0,0.05868256
1,0,1,1,70,0,1,0,2,0,2,2,2,2,2,0,0,59.5,4144.8,0,0,0.004334386
0,0,1,1,7,1,0,0,2,2,2,0,2,0,1,0,2,69.45,477.05,0,0,0.03625077
1,0,1,0,72,1,2,1,2,2,2,2,2,2,2,1,1,114.1,8086.4,0,0,0.004202952
1,0,1,0,56,1,0,1,0,0,0,0,2,2,0,0,3,89.7,4952.95,0,0,0.08974009
0,0,1,0,72,1,2,1,2,2,2,2,0,0,2,1,0,94.25,6849.75,0,0,0.0010320413
0,0,0,0,42,1,2,0,0,0,2,2,2,2,2,1,1,78.45,3373.4,0,0,0.003133334
0,1,0,0,43,1,0,1,2,2,0,2,2,2,0,1,1,108.15,4600.7,1,0,0.23833548
1,0,0,0,18,1,0,2,1,1,1,1,1,1,0,0,3,20.05,358.5,0,0,0.015268275
1,0,0,0,30,1,0,1,2,2,2,0,0,0,0,1,1,84.3,2438.6,0,0,0.13162625
1,0,1,1,25,1,2,0,0,0,0,2,0,0,1,1,3,55.1,1466.1,0,0,0.031570125
1,0,0,0,9,1,0,1,0,0,0,2,2,2,0,1,0,95.9,827.45,0,1,0.5731024
1,0,0,1,71,1,2,1,2,0,2,0,2,2,2,0,0,106.7,7382.25,0,0,0.17573917
1,0,1,1,71,1,2,0,2,2,0,2,0,0,1,1,1,66.85,4748.7,0,0,0.006196504
0,0,1,0,71,1,0,0,2,2,2,2,2,2,1,1,0,84.8,6046.1,0,0,0.0054801893
0,0,1,1,58,1,2,0,0,2,0,0,2,0,0,1,0,66.8,3970.4,0,0,0.044222042
0,0,0,1,61,1,2,2,1,1,1,1,1,1,2,1,1,25.0,1498.35,0,0,0.0021996736
0,0,0,0,22,1,2,1,0,0,0,0,2,0,0,1,0,84.15,1821.95,0,0,0.31247288
1,0,1,1,20,1,0,0,0,0,2,0,0,0,0,1,2,49.6,939.8,0,0,0.15157089
1,0,0,0,26,1,0,2,1,1,1,1,1,1,1,1,1,20.65,595.5,0,0,0.00060626754
1,0,1,1,30,1,2,1,0,2,0,2,0,0,0,1,0,83.55,2570.2,0,0,0.14201576
1,0,1,1,2,1,0,1,0,0,0,0,2,2,0,1,0,89.55,185.55,1,1,0.81526023
0,1,1,0,55,1,2,0,0,0,0,0,0,0,0,0,0,51.65,2838.55,0,0,0.08757722
1,0,1,0,69,0,1,0,2,0,2,2,2,2,2,0,0,60.25,4055.5,0,0,0.041355878
0,1,1,0,1,1,0,1,0,0,0,0,0,0,0,1,2,69.55,69.55,1,1,0.93916327
0,0,1,1,52,1,2,2,1,1,1,1,1,1,2,1,0,25.05,1270.25,0,0,0.0015042244
0,0,0,0,3,1,0,1,0,2,0,2,2,2,0,1,2,97.9,315.3,1,1,0.85754544
1,0,1,1,43,1,0,2,1,1,1,1,1,1,1,1,3,19.2,776.25,0,0,0.004759011
1,1,1,0,17,1,2,1,0,0,2,0,2,2,0,1,1,100.45,1622.45,1,1,0.5521449
1,0,0,0,26,1,0,0,0,0,0,2,2,0,1,0,1,59.45,1507.0,0,0,0.011723532
0,0,1,0,9,1,0,1,0,0,0,0,2,2,0,0,2,89.45,853.1,1,0,0.3481114
0,0,0,0,45,1,2,1,0,0,2,0,0,2,0,1,1,89.3,4192.15,0,0,0.45484298
0,1,0,0,45,1,2,1,0,0,2,0,2,2,1,1,0,102.15,4735.35,0,0,0.06468074
0,0,0,0,33,1,2,0,2,0,0,2,0,0,1,0,2,59.4,1952.8,0,0,0.014394135
0,0,1,0,53,1,2,1,0,2,2,2,2,2,1,1,0,108.95,5718.2,0,0,0.11519833
0,1,1,1,65,1,2,1,0,0,2,2,2,2,1,1,0,103.9,6767.1,0,0,0.020187374
1,0,0,0,43,1,2,1,0,0,0,2,2,2,1,1,2,100.0,4211.55,1,0,0.13341151
0,0,1,0,10,1,0,0,0,0,2,0,2,2,0,1,1,67.8,653.15,0,0,0.117560335
1,0,1,1,52,1,0,2,1,1,1,1,1,1,1,1,1,20.85,1071.6,0,0,0.0021422205
1,0,0,0,11,1,2,0,0,0,2,0,0,0,0,0,2,53.75,608.0,1,0,0.0978954
0,1,0,0,27,1,2,1,0,0,0,0,0,2,0,1,2,85.25,2287.25,1,1,0.78110874
1,0,0,0,24,1,0,1,0,0,0,0,2,2,0,1,2,90.35,2238.5,1,0,0.33256927
1,0,0,0,1,1,0,1,0,0,0,0,0,2,0,1,2,79.25,79.25,1,1,0.9198478
0,0,0,0,65,1,2,1,2,2,2,0,2,2,0,1,1,111.05,7107.0,0,0,0.037023783
0,0,0,0,1,1,0,1,0,0,2,0,0,0,0,0,2,75.55,75.55,0,1,0.9416301
0,0,1,0,68,1,2,1,2,2,2,2,2,2,2,0,3,118.6,7990.05,0,0,0.021790119
1,1,1,0,15,1,2,1,2,0,2,0,2,0,0,1,2,96.5,1392.25,0,1,0.8763937
1,0,0,0,36,1,0,0,0,2,0,2,0,2,1,1,3,65.4,2498.4,1,0,0.04389231
1,0,0,0,4,1,0,0,0,0,0,0,0,0,0,0,3,44.55,220.75,0,0,0.31006524
0,0,0,0,46,1,2,1,0,2,2,0,0,2,1,1,2,94.15,4408.45,0,0,0.065763675
1,0,1,0,18,1,0,0,0,0,2,0,0,0,0,1,3,49.55,878.35,1,0,0.06350099
1,1,1,1,35,1,0,0,0,2,0,2,2,2,0,1,2,76.05,2747.2,0,0,0.1897532
0,0,1,1,47,1,0,2,1,1,1,1,1,1,2,0,0,19.3,890.5,0,0,0.0033500015
0,0,1,1,42,1,0,1,0,0,2,0,2,2,0,1,2,92.15,3875.4,0,0,0.084856585
0,0,0,0,1,1,0,2,1,1,1,1,1,1,0,0,3,19.75,19.75,0,0,0.3236777
0,0,0,0,61,1,2,0,2,0,2,2,2,2,2,0,1,86.45,5175.3,0,0,0.0061927554
0,0,0,0,72,1,0,0,2,2,2,2,0,2,2,1,1,73.0,5265.2,0,0,0.0008136631
0,0,1,0,15,1,0,2,1,1,1,1,1,1,0,0,1,20.45,330.8,0,0,0.086034514
1,0,0,0,4,1,0,0,0,0,2,2,2,2,0,1,2,74.4,299.7,1,0,0.18222165
0,0,0,0,11,1,0,2,1,1,1,1,1,1,1,0,3,20.0,211.95,0,0,0.008589451
0,0,0,0,18,1,0,1,0,0,0,0,0,0,0,1,2,71.1,1247.75,0,1,0.60547495
0,0,1,0,62,1,2,1,0,0,2,0,2,2,0,1,2,101.35,6164.7,0,1,0.5695621
0,0,1,0,2,1,0,1,0,0,0,0,0,0,0,1,1,70.4,154.8,0,1,0.5578395
0,1,1,0,25,1,0,1,0,2,2,0,0,2,0,0,0,88.4,2191.15,0,0,0.46797907
1,0,0,0,15,1,2,1,2,0,0,0,2,2,0,1,2,99.7,1566.75,0,1,0.89313394
1,0,0,0,72,1,2,0,0,2,2,2,2,2,2,1,0,88.6,6201.95,0,0,0.0007261719
1,0,0,0,21,1,0,0,2,0,2,0,2,0,0,0,0,65.35,1424.4,0,0,0.2643321
0,0,1,0,69,1,2,2,1,1,1,1,1,1,2,0,0,24.25,1641.8,0,0,0.0026480753
0,0,1,0,48,1,0,1,0,0,2,2,2,2,0,1,1,100.05,4834.0,0,0,0.17390814
1,0,1,1,32,0,1,0,0,0,2,0,2,2,0,0,1,50.6,1653.45,0,0,0.0437467
1,0,1,1,7,1,0,0,2,0,0,0,2,2,0,0,1,69.7,516.15,0,0,0.17873596
0,0,1,0,57,1,2,0,0,2,2,2,2,0,1,0,0,74.6,4368.95,0,0,0.0037146537
0,0,0,1,18,1,0,2,1,1,1,1,1,1,1,0,0,20.15,390.85,1,0,0.011799613
1,0,0,0,10,0,1,0,0,2,0,2,0,0,0,0,2,35.75,389.8,0,0,0.02507695
0,0,0,0,2,1,2,1,0,0,2,0,0,0,0,0,3,80.6,155.8,1,1,0.8074296
1,0,0,0,1,1,0,1,0,0,0,2,0,0,0,1,3,74.3,74.3,0,1,0.51482004
0,1,0,0,52,1,2,0,2,0,2,0,0,0,2,0,0,59.85,3103.25,0,0,0.02595388
0,0,0,0,11,1,2,1,0,0,0,2,2,0,0,0,2,90.15,987.95,1,1,0.61758614
0,0,1,0,58,1,2,0,0,2,0,2,0,0,2,1,1,59.9,3505.1,0,0,0.0057210033
0,1,1,0,32,1,2,1,0,0,0,0,2,2,0,1,2,93.2,2931.0,1,1,0.505094
0,0,1,1,3,1,2,0,0,2,2,0,2,0,0,1,0,69.15,235.0,0,1,0.8428971
1,0,1,0,66,1,2,1,0,2,2,0,2,2,0,1,1,105.0,7133.25,1,1,0.60350245
1,0,0,0,12,1,2,1,0,0,0,0,2,2,0,1,2,96.05,1148.1,1,1,0.9739855
1,0,0,0,19,0,1,0,0,0,2,0,2,0,0,1,2,39.65,733.35,1,1,0.7414949
1,0,1,1,69,1,2,1,0,2,2,0,2,0,1,0,1,95.75,6511.25,0,0,0.22099753
1,0,0,0,10,1,0,2,1,1,1,1,1,1,0,0,1,20.0,198.7,0,0,0.121236056
0,1,1,1,32,1,2,1,0,2,0,0,2,2,0,1,2,100.4,3217.65,0,0,0.38378668
1,0,0,0,10,1,0,0,0,0,0,0,0,0,0,1,2,45.55,402.6,1,0,0.31505147
1,0,1,0,64,1,2,0,0,2,2,2,2,0,2,1,0,76.1,4818.8,0,0,0.005337008
1,0,1,1,4,0,1,0,2,0,0,0,2,0,0,0,1,38.55,156.1,0,1,0.58937305
1,0,1,1,36,1,0,2,1,1,1,1,1,1,2,0,1,19.45,754.5,0,0,9.005812e-05
1,0,1,1,8,1,0,0,0,0,2,0,0,0,0,1,2,51.05,415.05,1,0,0.33239973
1,0,0,0,32,1,0,1,0,0,0,0,2,2,0,0,2,91.05,2871.5,0,0,0.18583082
0,0,1,1,2,0,1,0,0,0,0,0,0,0,0,1,3,24.4,36.55,1,0,0.14970453
0,0,1,1,18,1,2,2,1,1,1,1,1,1,2,1,1,24.65,471.35,0,0,0.001514816
0,0,1,1,52,1,0,2,1,1,1,1,1,1,2,0,0,20.1,1078.75,0,0,0.0028200813
0,0,1,0,24,1,2,0,2,2,2,0,0,0,0,0,3,66.3,1559.45,0,0,0.11886177
1,0,0,0,1,1,0,0,0,0,0,0,0,2,0,1,2,55.25,55.25,0,1,0.74788594
1,0,0,0,7,1,0,2,1,1,1,1,1,1,0,1,3,19.4,168.65,0,1,0.5756199
0,1,0,0,8,1,2,1,0,0,0,2,2,2,0,1,1,100.15,908.55,0,1,0.95062536
0,0,1,1,14,1,0,1,0,0,0,0,0,0,0,0,2,70.2,1046.5,0,0,0.4418216
1,0,0,0,13,1,0,2,1,1,1,1,1,1,1,0,1,19.3,259.65,0,0,0.022477433
1,0,1,1,40,1,2,1,2,2,0,2,2,2,0,1,1,110.1,4469.1,0,0,0.378235
0,0,1,0,63,1,0,1,2,0,2,0,0,0,1,1,1,81.15,5224.5,0,0,0.0020971468
1,0,1,0,17,1,2,1,0,2,0,0,0,0,0,1,0,80.5,1336.9,0,0,0.21407124
0,0,1,0,19,1,2,1,0,0,0,0,2,0,0,1,2,86.85,1564.4,0,1,0.6717423
0,0,0,0,12,1,0,0,0,0,0,0,0,0,0,1,2,45.05,523.1,0,0,0.15558252
0,0,1,1,43,1,2,2,1,1,1,1,1,1,1,1,0,24.45,993.15,0,0,0.0036658586
0,0,0,0,18,1,2,1,0,2,0,0,2,0,0,1,1,90.0,1527.35,1,1,0.6230446
1,0,0,0,35,1,2,2,1,1,1,1,1,1,0,1,2,25.6,901.25,0,0,0.044502344
0,0,1,1,42,1,2,1,0,0,0,0,2,2,0,1,2,94.2,4186.3,1,0,0.19414143
0,0,0,0,61,1,2,0,2,2,2,2,2,2,2,0,2,89.65,5308.7,0,0,0.0061872113
0,0,0,0,39,1,0,1,2,0,2,2,2,0,1,1,2,95.55,3692.85,1,0,0.018663056
1,0,0,0,21,1,2,1,0,2,0,0,0,0,0,1,2,82.35,1852.85,1,1,0.69442636
1,0,0,1,1,1,0,2,1,1,1,1,1,1,0,0,3,20.75,20.75,0,0,0.1318131
0,0,1,1,58,0,1,0,2,0,2,2,2,2,2,0,3,59.75,3624.35,0,0,0.009054122
1,0,0,1,1,1,0,2,1,1,1,1,1,1,0,1,3,20.25,20.25,0,0,0.45098656
1,0,0,0,53,1,0,2,1,1,1,1,1,1,2,0,1,19.5,1050.5,0,0,0.006897361
0,0,0,0,25,1,2,2,1,1,1,1,1,1,2,0,1,24.75,692.1,1,0,0.013071677
0,0,1,0,64,1,2,0,0,0,2,2,0,0,1,0,0,58.35,3756.45,0,0,0.009643507
0,0,0,0,1,1,2,0,0,0,0,0,0,2,0,1,2,60.15,60.15,1,1,0.82786053
1,1,0,0,4,1,0,1,0,0,0,0,0,0,0,0,2,69.35,261.65,0,0,0.3182803
0,0,1,1,5,0,1,0,0,2,0,0,0,0,0,1,2,30.5,167.2,0,1,0.57729983
0,0,1,0,44,1,2,1,2,2,2,2,0,0,0,1,1,95.1,4060.55,0,0,0.046457756
1,0,0,0,31,1,2,1,0,2,2,0,2,2,1,1,2,103.45,3066.45,1,0,0.1092014
0,0,0,0,2,1,0,1,0,2,0,0,2,0,0,1,0,87.15,183.75,1,1,0.93818223
1,0,1,1,71,1,2,1,2,2,2,2,2,2,2,1,0,116.05,8297.5,0,0,0.028132545
0,0,1,1,72,1,0,0,2,2,2,2,2,2,2,0,0,85.3,6129.2,0,0,0.0006725275
0,0,1,1,56,1,2,0,2,2,0,0,0,2,1,0,0,68.75,3815.4,0,0,0.018057864
1,0,1,0,24,1,0,2,1,1,1,1,1,1,1,0,3,20.1,533.9,0,0,0.00043817126
0,0,0,0,22,1,0,0,2,0,0,0,0,0,0,1,2,49.8,1049.05,0,0,0.45810744
1,0,1,0,33,1,2,0,2,2,2,0,2,0,0,1,0,72.75,2447.45,0,0,0.19547492
1,0,0,0,54,1,2,0,2,0,2,2,2,2,2,0,0,87.1,4735.2,0,0,0.0075044627
1,0,1,1,26,1,0,2,1,1,1,1,1,1,1,1,0,20.05,505.9,0,0,0.0031622988
1,0,0,0,18,1,2,0,2,0,2,0,2,0,0,0,3,69.5,1199.4,0,0,0.10462564
0,1,0,0,1,0,1,0,0,0,0,0,2,0,0,1,2,36.45,36.45,1,1,0.96004266
0,0,0,0,16,1,2,1,0,0,0,0,0,0,0,0,2,72.65,1194.3,1,0,0.36143497
1,0,0,0,1,1,0,0,2,0,0,0,0,0,0,0,2,49.75,49.75,0,0,0.08705928
1,0,0,1,27,1,0,2,1,1,1,1,1,1,2,0,1,19.7,509.3,0,0,0.0007648148
0,0,1,0,16,1,2,1,0,2,0,0,2,2,0,1,2,100.0,1534.75,1,1,0.9047162
1,0,0,0,35,1,2,0,2,0,0,0,0,0,2,0,3,55.25,1924.1,0,0,0.007225297
0,0,1,1,36,1,2,1,0,2,2,0,2,0,0,1,0,97.35,3457.9,1,0,0.2042512
1,1,1,0,37,1,2,1,0,0,0,0,2,2,0,1,2,92.5,3473.4,1,1,0.55692023
1,1,1,0,50,1,2,1,2,2,2,0,2,0,1,1,0,101.9,5265.5,0,0,0.08515897
1,0,0,1,29,0,1,0,2,2,2,2,0,0,0,1,3,45.0,1242.45,0,0,0.027441967
0,1,0,0,1,1,0,1,0,0,0,0,0,0,0,1,2,69.25,69.25,1,1,0.9461892
0,1,0,0,56,1,2,0,2,0,2,2,0,2,2,0,0,73.25,4054.2,0,0,0.010170641
0,1,0,0,5,1,2,1,0,0,0,0,2,0,0,1,1,83.15,446.05,1,1,0.77287054
0,0,1,1,20,1,2,0,2,0,0,0,2,2,1,0,0,76.0,1588.75,0,0,0.09435505
0,0,1,0,33,1,0,2,1,1,1,1,1,1,0,0,3,20.05,669.45,0,0,0.009209784
1,0,0,0,54,0,1,0,2,2,0,0,0,2,2,0,0,46.2,2431.95,0,0,0.022864833
1,0,1,0,62,1,0,0,0,2,2,2,0,0,2,1,1,60.15,3753.2,0,0,0.0039849775
1,0,0,0,67,1,0,2,1,1,1,1,1,1,2,1,3,19.8,1311.3,0,0,0.0022553941
1,1,1,0,72,0,1,0,2,2,2,2,2,2,2,1,1,64.45,4641.1,0,0,0.009561657
1,0,1,1,69,1,2,2,1,1,1,1,1,1,2,0,0,24.45,1718.2,0,0,0.00075639534
0,0,0,1,49,1,0,2,1,1,1,1,1,1,2,0,1,20.45,1024.65,0,0,0.0014125481
1,1,0,0,35,1,0,0,0,0,2,2,2,2,1,1,2,73.0,2471.25,0,0,0.3389974
0,0,1,1,69,1,2,1,0,2,2,0,2,2,0,1,2,103.95,7446.9,1,0,0.18028402
0,1,0,0,41,1,2,1,2,2,2,0,2,2,0,1,2,113.2,4689.5,1,1,0.6797229
0,0,0,0,58,1,2,0,2,2,2,2,0,0,1,1,1,71.1,4299.2,0,0,0.0075005507
1,0,1,1,1,1,0,1,0,0,0,0,0,0,0,1,3,70.65,70.65,1,1,0.5761068
1,0,0,0,12,1,0,2,1,1,1,1,1,1,0,0,1,20.05,265.45,0,0,0.07935315
1,0,0,1,66,1,0,2,1,1,1,1,1,1,2,0,3,20.55,1357.1,0,0,0.00037575638
0,1,0,0,7,1,0,0,0,2,0,0,0,0,0,1,3,51.3,419.35,0,0,0.25462714
0,1,1,0,54,1,2,1,2,2,2,2,2,2,1,1,0,115.6,6431.05,0,1,0.5114156
1,0,1,1,72,1,0,2,1,1,1,1,1,1,2,0,0,19.95,1322.85,0,0,0.00058819994
1,0,1,0,42,1,2,1,0,0,2,2,2,2,0,1,0,106.15,4512.7,1,1,0.73706394
0,0,1,0,2,1,0,1,2,0,0,0,0,0,0,1,2,74.4,139.4,1,0,0.33282572
1,0,0,0,10,1,0,0,0,0,0,0,0,0,0,0,3,46.0,492.1,0,0,0.16585268
0,0,1,0,58,1,2,1,2,2,2,0,2,2,2,1,0,109.45,6144.55,1,0,0.17053701
0,0,1,1,9,1,0,0,2,0,0,0,0,0,1,0,3,48.6,422.3,0,0,0.10268701
0,0,0,0,32,1,2,1,0,0,0,0,2,0,1,0,2,84.05,2781.85,1,0,0.08281571
0,0,0,0,6,1,0,2,1,1,1,1,1,1,0,1,3,20.95,109.5,0,0,0.20468703
1,1,1,0,50,1,2,1,2,0,2,0,2,2,2,1,1,105.05,5163.3,0,0,0.17096838
1,0,1,1,57,1,0,2,1,1,1,1,1,1,2,0,3,20.75,1123.15,0,0,0.0039001151
0,0,0,0,48,1,2,2,1,1,1,1,1,1,1,0,1,25.05,1171.5,0,0,0.029655077
0,0,0,0,56,1,0,1,0,2,0,0,0,0,0,1,2,73.85,4092.85,1,0,0.06395837
0,0,0,0,67,1,2,1,2,2,2,0,2,0,0,1,1,102.95,6886.25,1,0,0.11448844
1,0,0,0,69,0,1,0,2,2,0,2,2,2,2,1,0,60.05,4176.7,0,0,0.0014235285
0,0,0,0,23,1,2,1,0,2,0,0,0,0,0,1,2,79.15,1676.95,1,1,0.64043427
1,0,1,1,5,1,0,2,1,1,1,1,1,1,1,0,3,20.1,85.1,0,0,0.0020253148
1,1,1,0,25,1,2,1,2,0,0,0,0,2,1,1,2,89.05,2177.45,1,0,0.17027354
1,0,0,0,8,1,2,1,0,2,0,0,2,2,0,0,2,100.85,819.55,1,1,0.54581964
1,0,0,0,1,1,2,1,0,0,0,0,0,0,0,1,3,74.25,74.25,1,1,0.82099277
0,0,0,0,4,1,2,1,0,0,0,0,0,0,0,0,2,75.35,338.1,1,1,0.64286315
0,0,1,1,55,1,2,0,2,2,0,2,2,0,1,1,1,75.0,4213.9,0,0,0.0033145722
0,1,1,0,1,1,0,0,2,0,0,0,0,0,0,1,2,49.55,49.55,1,0,0.32513797
0,0,0,0,42,1,0,2,1,1,1,1,1,1,1,1,3,20.65,958.1,0,0,0.0012533439
1,0,1,0,40,1,0,1,0,2,2,0,0,0,0,1,2,80.0,3168.75,0,1,0.7718954
1,0,1,0,10,1,0,2,1,1,1,1,1,1,1,0,0,19.6,189.45,0,0,0.038874336
1,1,0,0,1,1,2,1,0,0,2,0,2,0,0,1,2,88.8,88.8,1,1,0.9815633
0,0,0,0,15,1,0,0,2,2,2,2,2,2,0,0,3,84.45,1287.85,0,0,0.236371
0,1,1,0,26,1,0,0,0,0,2,0,0,2,1,0,3,60.7,1597.4,0,0,0.02988511
0,0,1,0,70,1,2,1,0,2,2,2,2,2,1,1,2,109.5,7674.55,1,0,0.1406876
0,0,1,1,46,1,0,2,1,1,1,1,1,1,2,1,3,19.95,927.1,0,0,0.0013345724
0,0,0,0,12,1,0,0,0,2,0,0,0,0,0,1,2,49.4,611.65,0,0,0.073397875
1,0,1,1,13,1,2,1,0,0,0,0,0,0,0,1,1,74.4,896.75,1,0,0.43953112
0,0,0,0,12,1,0,1,2,0,0,0,2,0,1,1,1,85.15,979.05,0,0,0.042064857
0,0,1,1,65,1,2,1,2,0,2,0,2,2,2,1,1,104.3,6725.3,0,0,0.1415417
1,0,0,0,3,1,0,0,0,0,2,0,0,0,0,1,2,49.15,169.05,1,1,0.86759925
0,0,0,0,32,1,0,2,1,1,1,1,1,1,0,0,0,19.9,601.55,0,0,0.004347925
1,1,1,0,44,0,1,0,0,2,0,0,0,0,0,1,2,30.35,1359.7,1,1,0.5860156
1,0,0,0,1,1,0,0,0,0,2,0,0,0,0,1,3,49.65,49.65,1,0,0.35241726
0,0,0,0,24,1,2,1,2,0,0,2,0,0,0,1,2,84.35,1938.05,0,0,0.19811946
1,0,1,1,72,1,2,1,0,2,2,2,2,2,2,1,0,112.25,8041.65,0,0,0.020642277
1,0,1,0,61,0,1,0,2,0,2,2,2,2,2,1,3,62.15,3778.85,0,0,0.005384754
1,0,0,1,1,1,0,2,1,1,1,1,1,1,0,0,3,19.75,19.75,1,0,0.42069006
1,0,1,1,44,0,1,0,0,0,2,2,2,2,1,1,2,54.3,2317.1,0,0,0.275192
1,0,1,1,62,1,2,2,1,1,1,1,1,1,2,1,0,24.25,1424.6,0,0,0.0012682847
0,0,1,1,10,1,0,2,1,1,1,1,1,1,0,1,0,19.8,196.75,0,0,0.3854541
0,0,0,0,58,1,0,1,2,2,2,0,2,2,1,1,2,106.45,6145.85,1,0,0.19672315
0,0,0,0,1,1,2,1,0,0,0,0,0,0,0,0,2,76.0,76.0,1,1,0.9483448
1,0,1,1,71,1,2,1,2,2,2,2,2,2,2,1,0,114.0,8175.9,0,0,0.028132545
1,0,0,0,1,1,0,0,0,0,0,2,0,0,0,0,3,51.25,51.25,1,1,0.52869934
1,0,0,0,20,1,2,0,0,2,0,2,2,0,1,1,2,68.7,1416.2,0,0,0.05726856
0,1,0,0,1,1,0,1,0,0,0,0,2,0,0,0,2,78.45,78.45,1,1,0.9621379
1,0,0,0,9,1,0,0,0,0,0,0,0,0,0,1,3,44.4,348.15,0,0,0.45687634
1,0,1,0,70,1,0,1,2,2,2,2,0,2,2,0,1,101.0,7085.5,0,0,0.008448263
0,0,1,1,53,1,0,0,0,0,2,0,0,2,1,0,1,60.6,3297.0,0,0,0.09848308
1,0,0,1,8,1,0,2,1,1,1,1,1,1,0,0,0,19.45,159.2,0,0,0.027225481
0,0,0,0,6,0,1,0,2,2,2,2,2,2,2,1,3,63.4,348.8,0,0,0.0020320022
1,0,0,0,26,1,2,0,0,0,0,0,0,0,1,1,1,51.55,1295.4,0,0,0.01765784
0,0,0,0,47,1,0,1,2,0,0,0,0,0,0,0,1,75.45,3545.1,0,0,0.3798982
0,0,1,1,55,1,2,1,2,2,0,0,0,0,0,1,2,85.1,4600.95,0,0,0.1463513
1,1,0,0,66,1,2,1,0,2,2,2,2,2,1,0,1,110.9,7432.05,1,0,0.17585294
1,0,0,1,31,1,2,0,0,2,0,2,2,2,1,1,3,79.45,2587.7,1,0,0.02042417
1,0,1,0,32,1,2,1,0,0,0,2,0,0,1,1,2,79.25,2619.15,0,0,0.07135438
1,0,1,1,65,1,0,0,2,0,0,2,2,2,2,1,0,74.8,4820.15,1,0,0.003504594
0,1,0,0,1,1,0,0,0,0,0,0,0,0,0,0,3,45.1,45.1,1,1,0.68889207
1,0,0,0,5,1,0,2,1,1,1,1,1,1,0,0,3,20.25,109.8,0,0,0.09997871
1,0,1,1,17,1,2,0,0,2,2,2,0,0,0,1,3,66.7,1077.05,0,0,0.13497773
1,0,0,1,21,1,2,2,1,1,1,1,1,1,0,0,3,24.7,467.15,0,0,0.0052352794
1,0,0,0,67,1,0,2,1,1,1,1,1,1,2,0,0,19.95,1311.75,0,0,0.0010466459
1,0,0,0,40,1,0,0,2,0,2,0,0,2,0,0,2,67.45,2731.0,0,0,0.17703633
0,0,0,1,72,1,0,2,1,1,1,1,1,1,2,1,3,19.75,1567.0,0,0,0.0022551462
1,0,0,0,2,1,0,0,2,0,0,0,0,0,0,1,2,47.8,92.45,1,1,0.56486017
1,1,0,0,3,1,2,1,0,2,2,0,2,2,0,1,2,105.0,294.45,1,1,0.8316381
1,0,0,0,17,1,0,0,2,2,0,0,0,0,1,0,3,56.1,946.95,0,0,0.014949191
1,0,0,0,66,1,2,1,2,2,2,2,2,2,1,1,0,114.3,7383.7,0,0,0.020773249
1,0,1,1,61,1,0,1,0,2,0,2,2,2,1,1,0,98.45,6145.2,0,0,0.046026584
1,1,0,0,13,1,0,0,0,2,0,0,2,0,0,1,2,59.9,788.35,0,0,0.35462803
0,0,1,0,37,1,0,2,1,1,1,1,1,1,1,1,0,19.85,717.5,0,0,0.0038856503
0,0,0,0,19,1,0,1,2,0,2,2,2,2,0,1,2,106.6,1934.45,1,0,0.18125442
0,0,0,1,48,1,0,2,1,1,1,1,1,1,1,0,3,19.95,936.7,0,0,0.009333453
0,0,1,0,1,1,0,0,0,0,0,0,2,0,0,1,3,55.3,55.3,0,1,0.7793304
1,1,1,0,7,0,1,0,2,0,0,0,0,0,0,0,0,29.8,220.45,0,1,0.61410093
0,0,0,0,62,1,2,1,2,2,2,0,0,0,1,1,2,92.05,5755.8,0,0,0.010959345
1,0,1,1,27,1,2,1,2,2,0,2,2,0,0,0,2,100.75,2793.55,0,0,0.38873836
1,0,1,1,39,1,2,2,1,1,1,1,1,1,2,1,3,23.8,903.8,0,0,0.0021474804
1,0,0,0,2,1,2,0,0,0,0,0,0,2,0,0,0,62.05,118.3,1,0,0.3032731
0,0,0,0,2,1,0,2,1,1,1,1,1,1,0,0,3,20.65,38.7,1,0,0.0368799
1,0,1,0,42,1,2,1,0,0,2,2,2,2,1,1,2,108.3,4586.15,0,1,0.5319196
1,0,0,0,22,1,2,1,0,2,0,0,0,0,0,1,2,79.35,1730.35,1,1,0.55600214
1,0,0,0,40,1,2,1,0,0,0,0,2,0,0,1,2,84.9,3369.05,0,0,0.4954955
1,0,1,1,49,1,2,1,0,0,0,2,2,2,1,1,2,97.95,4917.9,0,0,0.49044347
0,0,1,0,11,1,0,0,0,0,0,0,0,0,0,1,2,44.05,483.7,1,1,0.5424813
0,0,0,0,9,1,2,1,0,0,0,0,0,2,0,1,2,83.3,803.3,1,1,0.7221511
0,0,1,1,71,1,2,0,2,2,2,2,2,2,2,0,3,91.05,6293.75,0,0,0.000110036985
0,0,0,0,60,1,0,1,2,0,2,2,2,2,0,1,0,104.95,6236.75,0,0,0.08544526
0,0,0,0,20,1,0,0,0,0,0,0,0,0,0,1,2,44.35,927.15,0,0,0.093080826
0,0,1,1,72,1,2,1,2,2,2,2,2,2,2,1,0,115.6,8220.4,0,0,0.005200916
1,0,1,0,52,1,2,1,2,0,2,2,0,0,2,1,1,91.6,4627.8,0,0,0.0062807235
1,0,1,1,72,1,2,0,2,2,2,2,2,2,2,1,1,90.6,6441.85,0,0,0.00013552583
0,0,0,0,18,1,0,2,1,1,1,1,1,1,0,1,3,19.55,389.25,0,0,0.142997
0,0,1,0,5,1,0,1,0,0,0,0,0,0,0,1,2,68.95,351.5,0,1,0.5965701
1,0,1,1,70,1,2,1,2,2,2,2,2,2,2,0,1,114.75,7842.3,0,0,0.34005073
1,0,0,0,50,0,1,0,2,2,0,0,0,0,0,1,3,35.0,1782.4,0,0,0.03137582
1,0,0,0,62,1,2,0,2,2,2,2,0,0,2,0,0,69.4,4237.5,0,0,0.0010293204
1,0,1,0,61,1,2,0,2,0,2,0,0,2,2,1,3,69.9,4226.7,0,0,0.0008937113
1,0,0,0,1,1,0,2,1,1,1,1,1,1,0,0,3,20.0,20.0,1,0,0.21512826
0,0,0,0,11,1,0,2,1,1,1,1,1,1,1,0,1,20.05,237.7,0,0,0.02903224
0,0,1,0,37,1,2,0,0,2,0,2,0,2,1,0,3,72.1,2658.4,0,0,0.042814624
1,0,1,0,48,1,0,2,1,1,1,1,1,1,2,0,3,19.25,855.1,0,0,0.007239584
1,1,0,0,12,0,1,0,0,0,2,2,0,2,0,1,2,43.65,526.95,1,0,0.068570755
0,0,1,1,70,1,2,0,2,2,0,0,2,0,2,1,1,69.2,4872.35,0,0,0.024168387
1,1,0,0,9,1,2,0,2,0,0,0,0,0,0,0,2,54.55,494.05,1,0,0.2532513
0,0,0,0,1,1,0,0,0,0,0,0,0,0,0,0,3,43.95,43.95,1,0,0.31018576
0,0,1,1,1,1,0,1,0,0,0,0,2,0,0,1,3,80.05,80.05,1,1,0.6434379
0,0,0,0,38,1,2,1,0,0,2,2,2,2,0,1,2,103.65,3988.5,0,0,0.40293482
1,0,0,0,10,1,2,1,0,0,0,0,0,0,0,0,2,75.05,786.3,0,1,0.66459286
0,0,1,0,70,1,2,1,0,2,2,2,2,2,2,1,2,110.5,7752.05,0,0,0.114897154
1,0,1,0,29,0,1,0,0,0,0,0,2,2,0,1,2,45.9,1332.4,0,0,0.33227557
1,1,0,0,42,1,2,1,0,2,0,0,0,0,0,1,0,79.35,3344.1,0,1,0.5601012
0,0,0,1,24,1,0,2,1,1,1,1,1,1,2,0,3,19.75,498.1,0,0,0.0008706457
1,1,0,0,18,1,2,1,0,2,0,0,0,0,0,1,1,80.55,1411.65,0,0,0.3041414
1,0,1,1,72,1,2,1,0,2,2,0,2,2,1,1,1,104.45,7459.0,0,0,0.046260156
1,1,1,0,30,1,2,1,2,2,2,2,2,0,0,1,0,105.7,3181.8,0,0,0.20336369
0,0,1,1,54,1,0,0,2,0,2,2,0,2,2,0,0,69.95,3871.85,0,0,0.013407109
1,0,1,0,59,1,0,0,2,2,2,0,2,0,1,0,1,66.4,3958.2,0,0,0.03397156
1,1,1,0,70,1,2,1,0,2,2,0,2,2,0,1,2,102.95,7101.5,1,0,0.18153591
0,0,1,0,71,1,2,0,2,2,2,2,2,2,2,0,0,87.95,6365.35,0,0,0.0007049953
0,0,1,1,56,1,0,2,1,1,1,1,1,1,2,1,1,19.8,1119.9,0,0,0.0041455193
1,0,0,0,19,1,2,1,0,0,0,0,0,2,0,1,0,86.0,1532.45,1,0,0.23280953
0,1,0,0,59,1,2,1,2,2,2,0,0,0,0,1,2,89.75,5496.9,0,0,0.08840918
1,0,1,1,57,1,0,2,1,1,1,1,1,1,1,0,3,19.4,1061.6,0,0,0.13291246
0,0,1,1,29,1,0,2,1,1,1,1,1,1,2,0,3,20.2,558.8,0,0,8.7645385e-05
0,0,1,0,71,1,2,2,1,1,1,1,1,1,2,1,1,24.45,1681.6,0,0,0.00030120648
0,1,0,1,30,1,2,1,0,0,0,2,2,2,0,1,2,101.3,2974.5,0,0,0.3983427
1,0,0,0,29,1,0,0,2,2,0,2,0,0,1,1,2,58.75,1696.2,0,0,0.05941471
1,0,0,0,21,1,0,0,0,0,2,0,0,2,0,0,3,61.65,1393.6,0,0,0.043499336
0,0,1,1,23,1,2,2,1,1,1,1,1,1,2,0,3,25.1,611.45,0,0,0.00010246192
1,0,1,1,8,1,0,0,2,0,0,0,0,0,0,1,1,51.3,411.6,0,0,0.20462583
1,0,1,1,1,1,0,2,1,1,1,1,1,1,1,0,3,18.8,18.8,0,0,0.08360333
1,0,1,1,9,1,0,0,0,2,0,2,0,0,0,0,3,54.8,452.8,0,0,0.029286083
1,1,0,0,14,1,2,1,0,0,0,0,0,0,0,1,2,74.95,1036.75,1,1,0.5217444
1,0,0,0,29,0,1,0,0,2,0,2,0,0,0,0,2,34.3,1004.75,0,0,0.14254934
1,0,1,1,72,1,2,1,2,2,2,0,2,2,2,1,0,110.3,7966.9,0,0,0.0054612113
1,1,1,0,35,1,2,1,0,0,2,0,0,0,1,1,0,81.6,2815.25,0,0,0.037040833
1,0,0,0,62,1,0,0,0,2,2,2,2,2,0,1,0,80.4,4981.15,0,0,0.00300082
0,1,1,0,60,0,1,0,0,2,0,0,2,2,2,1,1,49.45,2907.55,0,0,0.061074637
0,0,1,1,71,1,0,1,0,0,2,0,0,0,2,0,2,76.05,5436.45,0,0,0.08062007
0,0,1,1,41,1,2,1,0,2,2,2,2,2,1,1,0,109.1,4454.25,0,0,0.064423904
1,0,0,0,1,1,0,2,1,1,1,1,1,1,0,0,2,19.2,19.2,0,0,0.035693344
1,0,0,0,2,1,0,2,1,1,1,1,1,1,0,0,3,19.75,39.3,0,0,0.21327986
0,0,0,0,18,1,0,1,2,0,0,0,2,2,0,1,2,96.05,1740.7,1,1,0.6643745
0,0,0,1,11,0,1,0,0,0,0,0,0,0,0,0,2,25.2,321.05,0,0,0.23750953
0,1,1,0,72,1,2,1,2,0,0,0,0,0,2,0,0,78.5,5602.25,0,0,0.0018172832
1,0,1,1,51,1,2,1,0,2,0,2,0,0,1,0,0,84.2,4299.75,0,0,0.028712198
0,0,1,1,21,1,0,1,0,2,0,0,0,0,0,1,0,74.05,1565.7,1,0,0.39880198
1,0,0,0,1,1,0,2,1,1,1,1,1,1,0,0,3,20.2,20.2,0,1,0.6139926
0,0,0,0,4,1,2,1,0,2,0,0,0,2,0,1,2,88.95,355.2,1,1,0.7806585
0,1,1,0,60,1,0,1,2,2,2,2,2,2,2,1,0,110.0,6668.35,0,0,0.016125737
0,0,0,0,8,1,0,0,2,0,0,2,0,0,1,0,0,54.25,447.75,0,0,0.057601642
0,0,1,1,57,1,2,1,0,2,0,0,2,2,0,1,2,100.6,5611.7,0,1,0.5874427
1,0,0,0,14,1,2,2,1,1,1,1,1,1,1,1,1,24.8,321.7,0,0,0.0118011255
0,1,0,0,2,1,2,1,0,0,0,0,0,2,0,1,2,84.05,186.05,0,1,0.9187739
1,0,0,0,10,1,0,1,0,0,0,0,0,0,0,1,2,70.0,740.0,1,1,0.6768228
1,0,0,0,1,1,0,2,1,1,1,1,1,1,0,1,0,20.2,20.2,1,0,0.30437896
0,0,1,0,61,1,2,2,1,1,1,1,1,1,2,0,0,25.3,1554.9,0,0,0.0028636982
0,1,1,0,70,1,2,1,0,0,0,0,0,0,2,1,1,75.65,5411.4,0,0,0.059565686
0,0,0,0,2,1,0,0,0,0,2,0,0,2,0,0,2,60.85,111.4,0,1,0.65526754
0,1,0,0,1,1,0,1,0,0,0,0,2,2,0,1,2,89.3,89.3,1,1,0.9560844
0,0,1,1,38,1,0,2,1,1,1,1,1,1,1,0,3,20.3,749.35,0,0,0.0014042893
1,1,1,0,7,1,0,1,0,0,0,0,0,0,0,1,3,70.1,467.55,1,1,0.5226431
1,1,1,1,60,1,2,1,2,2,0,0,0,2,0,1,2,93.25,5774.55,0,0,0.007717442
0,0,0,0,2,1,0,0,0,2,0,0,0,0,0,0,3,49.2,103.7,0,0,0.29294938
0,0,0,0,2,1,0,1,0,0,0,0,2,2,0,1,2,90.4,168.2,1,1,0.76335615
1,0,1,0,8,1,0,1,2,0,0,0,0,0,0,1,3,75.0,658.1,0,0,0.3604766
1,0,1,1,67,1,2,1,2,2,2,0,2,2,1,1,2,111.3,7482.1,1,0,0.088973
1,0,0,0,3,0,1,0,2,2,0,0,0,0,0,1,3,35.45,106.85,1,1,0.6423168
1,0,0,0,27,1,0,2,1,1,1,1,1,1,0,1,1,19.4,460.25,0,0,0.053852282
1,0,0,0,3,1,0,0,2,0,0,2,2,0,0,1,1,64.4,195.65,0,0,0.062126894
1,0,1,0,15,1,0,2,1,1,1,1,1,1,0,1,1,19.45,340.85,0,0,0.12818322
1,0,1,1,7,1,0,1,0,2,0,2,2,0,0,1,2,89.75,608.8,1,0,0.2548011
1,0,0,0,1,1,0,2,1,1,1,1,1,1,0,1,3,20.25,20.25,0,1,0.54518807
0,0,1,1,48,1,0,2,1,1,1,1,1,1,2,0,0,20.65,1057.0,0,0,0.0017831611
1,0,0,0,70,0,1,0,0,0,0,2,0,2,2,1,3,40.05,2799.75,0,0,0.0011892845
1,0,1,1,60,1,0,2,1,1,1,1,1,1,2,1,0,20.95,1270.55,0,0,0.0017906007
0,0,0,0,9,1,0,2,1,1,1,1,1,1,0,0,3,19.05,157.65,0,0,0.30194637
0,1,1,0,2,1,2,1,0,0,2,0,0,0,0,0,2,79.2,172.85,1,1,0.7431794
0,0,1,1,1,0,1,0,2,0,0,0,0,0,0,0,0,30.5,30.5,1,0,0.39523494
0,0,0,0,1,1,0,1,0,0,0,0,0,0,0,1,2,70.1,70.1,1,1,0.7087037
0,0,1,1,58,1,0,1,0,2,2,0,2,0,0,1,2,91.55,5511.65,0,0,0.20888446
0,0,0,1,39,0,1,0,0,0,2,0,0,0,0,0,1,30.1,1131.3,1,0,0.03380827
1,1,1,0,71,1,2,1,2,2,2,2,0,0,1,1,2,92.0,6585.2,0,0,0.0057957526
1,0,1,1,22,1,0,2,1,1,1,1,1,1,1,0,3,20.15,419.9,0,0,0.0013257382
1,0,0,1,17,1,0,0,0,0,0,0,0,0,1,0,3,44.6,681.4,0,0,0.05141757
0,0,0,0,13,0,1,0,0,0,2,2,0,0,2,0,3,35.4,450.4,0,0,0.0010282099
1,0,0,0,1,1,0,1,0,0,0,0,0,0,0,1,2,69.35,69.35,1,1,0.96046126
0,0,1,0,44,1,0,0,2,2,2,0,0,0,1,1,3,61.5,2722.2,0,0,0.017851146
1,0,0,0,1,1,0,1,0,0,0,0,2,0,0,1,2,79.5,79.5,1,1,0.9357005
1,0,1,1,53,1,2,0,0,0,2,2,2,2,1,1,3,78.75,3942.45,0,0,0.014480956
1,0,0,0,3,0,1,0,0,0,0,0,0,0,0,0,2,25.1,79.8,0,1,0.7018453
0,0,1,0,24,1,2,1,0,0,2,0,0,0,0,1,3,79.65,1928.7,0,0,0.3205907
0,1,1,0,62,1,2,1,0,2,2,0,2,0,1,1,1,97.95,5936.55,0,0,0.024099687
0,0,0,0,5,1,0,0,0,0,0,0,0,0,0,1,1,44.05,202.15,0,0,0.4090405
0,0,0,0,6,1,0,0,0,0,0,0,0,2,0,1,2,55.0,340.4,0,1,0.50927776
0,0,1,0,49,1,0,2,1,1,1,1,1,1,2,1,0,20.15,973.35,0,0,0.0011724103
1,0,0,0,5,1,0,2,1,1,1,1,1,1,0,1,3,19.25,86.05,0,0,0.3357874
1,1,0,0,2,1,2,1,0,0,0,0,2,2,0,1,2,94.0,181.7,1,1,0.9881781
1,0,1,0,71,1,2,1,2,2,2,2,2,2,2,1,2,116.25,8564.75,0,0,0.038933408
0,0,1,0,53,1,0,1,2,2,2,2,2,2,1,0,2,110.5,5835.5,0,0,0.4733285
0,0,1,1,45,1,0,0,0,2,0,2,0,0,1,1,1,54.15,2319.8,1,0,0.02323982
0,0,0,0,27,1,0,2,1,1,1,1,1,1,1,0,3,19.15,501.35,0,0,0.004075948
0,0,1,1,36,1,0,0,2,0,0,0,0,0,0,0,1,51.05,1815.0,0,0,0.03983582
1,0,0,1,54,1,2,0,0,2,0,0,0,0,0,1,1,55.0,3092.65,1,0,0.059211567
1,0,1,0,57,1,2,1,0,0,2,2,2,2,2,0,2,107.95,5969.85,0,0,0.29991424
1,0,0,0,1,1,0,0,0,2,0,0,0,0,0,1,2,50.75,50.75,1,1,0.84070075
0,0,1,1,34,1,0,0,2,2,2,2,2,2,2,0,3,84.75,2839.45,0,0,0.016749997
0,0,0,0,56,0,1,0,0,0,0,0,2,2,0,1,1,44.85,2564.95,0,0,0.19986816
0,0,0,0,11,1,2,1,0,0,0,0,0,0,0,1,2,76.5,837.95,1,0,0.3748232
1,0,1,1,7,1,0,2,1,1,1,1,1,1,0,0,3,20.25,144.35,0,0,0.12754439
1,0,1,1,5,1,2,0,2,2,0,2,0,0,0,0,1,64.4,316.9,0,0,0.1350736
1,0,1,1,24,1,2,0,2,0,0,0,2,2,1,0,3,74.8,1821.2,0,0,0.02646507
1,1,1,0,54,1,2,1,0,0,0,0,0,0,0,0,0,74.0,3919.15,0,0,0.08767391
1,0,1,0,72,1,2,0,2,2,2,2,2,2,2,1,0,89.05,6254.45,0,0,0.00017861433
1,0,1,1,30,1,2,0,2,2,2,2,0,0,0,0,2,67.6,2000.2,0,0,0.16147017
0,1,0,0,15,1,0,1,2,0,2,2,0,2,0,1,3,96.3,1426.75,1,1,0.8135771
0,0,1,1,15,1,0,2,1,1,1,1,1,1,0,0,3,20.05,284.3,0,0,0.14229515
1,1,0,0,57,1,2,1,0,2,0,2,2,2,0,1,0,104.9,5913.95,0,0,0.46404478
1,0,1,1,72,1,2,1,0,2,2,2,0,0,2,0,0,90.45,6565.85,0,0,0.002553272
1,0,1,1,13,1,0,1,0,0,2,0,2,2,0,0,2,97.0,1334.45,0,0,0.4592039
0,0,0,0,60,1,0,2,1,1,1,1,1,1,2,0,3,20.6,1093.0,0,0,0.0043314854
1,0,0,0,22,1,2,0,2,2,2,0,0,0,0,0,3,65.05,1427.55,0,0,0.28301445
1,0,0,0,34,1,2,1,0,2,0,2,2,2,0,1,2,105.35,3540.65,0,0,0.2834922
0,0,0,0,7,1,0,1,0,0,0,0,2,0,0,1,2,79.7,586.05,1,1,0.6027003
0,0,1,1,20,1,0,2,1,1,1,1,1,1,0,0,2,20.0,417.65,0,0,0.034105632
0,0,1,1,52,1,0,1,0,2,2,2,0,0,0,0,0,85.8,4433.3,0,0,0.007652632
1,0,0,0,24,1,2,1,0,2,0,0,2,2,0,1,0,99.65,2404.85,0,1,0.5243455
0,1,0,0,4,1,2,0,0,0,0,0,0,0,0,0,3,48.75,179.85,0,1,0.8059201
1,1,1,0,57,1,2,0,0,2,2,0,2,0,1,1,1,71.1,4140.1,0,0,0.014352665
1,0,1,1,66,1,0,0,2,2,2,2,0,0,2,0,3,65.85,4097.05,0,0,0.0008334689
0,0,0,0,11,1,0,0,0,0,0,0,2,2,0,1,2,64.9,716.1,0,0,0.24955596
0,0,1,1,57,1,2,0,2,0,2,2,2,2,2,1,2,84.5,4845.4,0,0,0.0076038972
0,0,1,1,40,1,2,1,0,0,2,2,0,0,0,1,2,84.85,3303.05,1,0,0.36785886
0,1,0,0,57,0,1,0,0,2,2,0,2,2,0,1,2,55.0,3094.05,0,1,0.7008124
0,0,0,0,2,1,2,1,0,0,0,0,2,2,0,1,2,95.15,196.9,1,1,0.95884764
1,0,1,1,70,1,2,0,2,2,2,2,0,2,1,0,0,78.35,5445.95,0,0,0.34218892
1,1,1,0,7,1,0,1,0,0,0,0,2,2,0,1,2,89.5,676.7,1,0,0.32556534
1,0,0,0,17,1,0,2,1,1,1,1,1,1,0,0,1,21.1,385.55,0,0,0.20829307
0,1,0,1,33,1,2,1,0,2,2,0,2,2,0,1,0,105.35,3465.05,0,1,0.579814
0,1,0,0,18,1,0,1,0,2,0,0,0,0,0,1,2,73.55,1359.45,0,0,0.3132833
0,0,1,1,63,1,0,0,2,2,2,2,0,0,2,0,3,63.55,4014.2,0,0,0.003343517
0,0,0,0,20,1,0,2,1,1,1,1,1,1,0,1,1,18.9,347.65,0,0,0.20708661
0,0,0,0,70,1,2,0,2,2,2,0,2,2,2,0,3,84.7,5991.05,0,0,0.0045960057
0,1,1,0,53,1,2,1,0,0,0,0,2,2,1,1,1,95.85,5016.25,0,1,0.63669115
0,0,1,0,24,1,0,2,1,1,1,1,1,1,1,0,3,20.15,456.85,0,0,0.0004802952
0,0,1,1,56,1,2,1,0,2,2,2,0,2,1,1,1,99.75,5608.4,0,0,0.037546355
0,0,1,0,39,1,0,1,2,0,2,2,2,2,1,1,1,104.7,4134.85,1,0,0.09593825
0,1,1,0,17,1,2,1,0,0,0,0,2,2,0,1,2,92.55,1614.7,0,1,0.62394226
1,0,1,0,15,1,0,1,0,0,0,0,0,0,0,1,0,68.6,1108.6,0,0,0.49311048
1,1,1,1,38,1,2,1,0,2,0,0,2,2,0,0,2,101.15,3741.85,0,1,0.51094025
0,0,0,0,13,0,1,0,0,0,2,0,2,2,0,0,2,49.15,649.4,0,1,0.5717439
1,0,1,1,44,1,0,2,1,1,1,1,1,1,1,0,0,20.6,926.0,0,0,0.0008533839
1,1,1,0,46,1,0,1,0,0,0,0,0,2,0,1,2,80.4,3605.2,1,0,0.32858393
0,0,1,0,56,1,0,1,0,0,2,2,2,2,0,1,2,98.7,5669.5,0,0,0.11318185
1,1,0,0,2,1,0,0,0,0,0,0,0,0,0,1,2,44.15,92.65,1,1,0.50879174
1,0,0,0,6,1,0,2,1,1,1,1,1,1,0,0,3,18.95,110.15,0,0,0.026176395
0,1,1,1,48,0,1,0,0,2,0,0,0,0,1,0,0,29.9,1388.75,0,0,0.043409925
0,0,1,1,68,1,2,0,2,2,2,2,0,2,1,1,2,78.45,5333.35,0,0,0.36859208
1,0,0,0,31,1,2,1,0,2,0,0,0,0,0,1,2,80.45,2429.1,0,1,0.5173337
1,0,0,0,12,1,2,1,0,2,2,2,2,2,0,1,3,112.95,1384.75,1,0,0.26476234
0,0,0,0,1,1,0,1,0,0,0,0,0,0,0,1,2,70.1,70.1,1,1,0.7087037
0,1,1,0,72,1,2,0,2,2,2,2,2,2,2,0,1,89.1,6352.4,0,0,0.0011576832
1,1,0,0,5,1,0,2,1,1,1,1,1,1,0,0,0,20.05,94.15,0,0,0.07962995
0,0,0,0,3,1,0,0,0,2,0,2,2,2,0,1,2,75.3,244.1,0,0,0.1609311
1,0,1,0,63,1,2,1,0,2,2,0,2,2,0,1,2,102.4,6444.05,0,1,0.52927154
0,0,0,0,67,1,0,0,2,0,2,2,0,2,1,1,0,72.35,4991.5,0,0,0.021944033
1,0,1,0,66,1,2,0,2,2,2,0,0,0,2,1,1,66.1,4428.45,0,0,0.004046417
1,0,0,0,23,1,0,2,1,1,1,1,1,1,0,0,2,20.85,473.9,0,0,0.0038818205
0,0,1,1,8,1,0,2,1,1,1,1,1,1,0,0,1,21.05,139.75,0,0,0.31962743
0,0,1,0,64,1,0,2,1,1,1,1,1,1,2,0,1,19.45,1208.6,0,0,0.0014896982
0,0,1,0,16,0,1,0,0,0,0,2,2,2,0,1,2,49.95,810.2,1,1,0.5296152
0,1,0,0,17,1,2,1,0,0,0,0,2,2,0,1,2,94.2,1608.15,0,1,0.846824
0,0,0,0,1,1,0,2,1,1,1,1,1,1,0,0,3,19.65,19.65,1,0,0.24185659
1,0,1,0,72,1,2,1,2,2,0,2,0,2,2,1,0,100.55,7325.1,0,0,0.0031096276
0,0,0,0,15,1,2,1,0,2,0,0,2,2,0,1,2,100.15,1415.0,0,1,0.83114773
0,0,0,0,60,1,2,0,0,0,2,2,2,2,1,0,1,80.55,4847.05,0,0,0.01038654
0,0,0,0,15,1,2,0,2,0,0,0,0,0,0,1,3,55.7,899.8,1,0,0.13610046
0,0,0,0,1,1,2,1,0,0,0,0,2,2,0,0,3,95.65,95.65,1,1,0.98101497
0,0,0,1,8,0,1,0,2,0,0,0,0,2,0,1,2,38.5,330.8,0,0,0.46446154
0,0,1,0,63,1,2,0,2,2,0,0,2,2,1,1,1,79.7,4786.15,0,0,0.14131491
1,0,0,0,1,1,0,0,0,0,0,0,0,0,0,1,2,44.8,44.8,0,1,0.56446004
1,0,0,0,1,1,0,0,2,0,0,0,0,0,0,1,3,48.55,48.55,1,0,0.24185494
0,0,0,1,1,1,0,0,2,0,0,2,0,0,0,0,2,54.5,54.5,0,0,0.4698529
0,1,1,0,56,1,2,1,2,2,2,2,0,0,1,0,2,95.65,5471.75,0,0,0.0755064
1,0,1,0,35,1,0,0,2,2,2,0,0,0,0,0,3,61.0,2130.45,0,0,0.068634875
1,0,1,0,22,1,0,1,0,0,2,0,2,0,0,1,0,87.0,1850.65,0,0,0.097528294
1,0,0,0,1,1,0,2,1,1,1,1,1,1,0,1,3,19.5,19.5,0,0,0.4931136
1,0,0,0,50,1,0,1,2,2,0,2,0,2,0,1,1,93.5,4747.5,0,0,0.024992071
1,0,1,0,41,1,2,1,0,2,0,0,0,0,0,1,2,80.25,3439.0,0,1,0.70447403
1,0,1,1,39,1,2,1,0,0,2,0,2,2,1,0,2,100.0,3835.55,0,0,0.23029758
1,0,0,0,1,1,0,0,2,0,0,2,0,0,0,1,2,53.95,53.95,1,0,0.4983542
0,0,1,1,8,1,0,0,0,2,0,2,0,0,0,0,0,56.3,401.5,0,0,0.35501808
1,0,0,0,20,1,0,1,0,0,0,0,2,0,0,0,2,78.8,1641.3,0,0,0.47791192
1,1,1,0,51,1,2,1,2,0,2,0,2,0,0,1,0,93.8,4750.95,1,0,0.36856234
1,1,0,0,1,1,0,1,0,0,0,2,0,0,0,0,2,74.7,74.7,0,1,0.5776892
1,1,1,0,72,1,0,1,2,2,0,2,0,0,2,1,1,84.8,6141.65,0,0,0.0009029016
1,1,1,0,24,1,0,1,0,0,2,0,2,2,0,1,2,93.15,2231.05,1,0,0.18762593
0,0,0,0,56,1,0,2,1,1,1,1,1,1,2,0,0,19.7,1051.9,0,0,0.17308548
0,0,0,0,53,1,0,1,2,2,2,2,0,2,2,0,3,99.5,5424.25,0,0,0.00684843
1,0,1,1,47,1,2,0,0,2,0,0,0,0,0,0,2,54.25,2538.2,0,0,0.28167266
0,0,1,1,72,1,2,1,0,2,2,2,2,2,2,1,0,109.2,7711.45,0,0,0.013953749
1,0,1,1,11,1,2,1,0,0,0,0,0,0,0,1,2,74.35,834.2,1,1,0.69364214
0,1,1,0,60,1,2,1,2,2,2,2,2,2,2,1,0,116.05,6925.9,0,0,0.02510488
1,1,0,0,19,1,2,1,0,2,0,0,2,0,0,1,2,88.2,1775.8,1,1,0.7390252
1,0,0,1,1,1,0,2,1,1,1,1,1,1,0,1,3,21.05,21.05,0,0,0.4066774
0,0,0,0,32,1,2,0,0,2,0,0,0,0,0,1,2,54.2,1739.6,0,0,0.058447458
1,0,1,1,8,1,0,2,1,1,1,1,1,1,0,0,1,19.65,169.75,0,0,0.03341058
1,0,0,0,5,1,0,0,0,0,2,2,2,2,0,0,0,75.15,392.65,0,0,0.22464925
0,0,0,0,36,1,0,2,1,1,1,1,1,1,1,1,0,19.25,679.8,0,0,0.00538469
1,0,0,0,23,1,2,1,0,0,0,2,2,0,0,1,2,90.6,1943.2,1,0,0.35818785
1,0,0,0,5,1,0,1,0,0,0,0,0,0,0,1,2,69.75,324.6,1,1,0.6943932
0,0,1,1,38,1,0,2,1,1,1,1,1,1,2,1,3,20.2,746.05,0,0,0.00044139195
1,0,0,0,1,1,2,1,0,0,0,0,0,0,0,1,2,75.3,75.3,1,1,0.8802846
1,0,0,0,42,1,2,1,0,0,2,0,0,0,0,0,2,79.9,3313.4,0,1,0.5877446
1,1,0,0,70,0,1,0,0,0,0,0,2,2,1,1,2,45.25,3264.45,1,0,0.019802995
1,0,0,0,2,1,0,2,1,1,1,1,1,1,0,0,3,19.35,46.35,0,0,0.21128407
0,1,0,0,1,1,0,1,0,0,0,0,0,0,0,1,2,69.6,69.6,1,1,0.9461892
0,0,1,1,2,0,1,0,0,0,0,2,0,0,0,0,0,29.05,44.75,0,1,0.86656696
1,0,0,0,2,1,2,1,0,0,0,0,0,0,0,1,2,76.5,162.45,1,1,0.85861176
0,0,0,0,41,1,2,1,0,0,2,0,2,2,0,0,0,98.05,3990.6,0,0,0.29748827
1,0,0,0,1,1,0,0,2,0,0,0,0,0,0,0,3,51.25,51.25,0,0,0.29492807
1,0,1,1,70,1,2,0,2,2,2,2,2,2,2,1,1,90.15,6237.05,0,0,0.0019222549
1,0,1,0,31,1,2,0,0,0,0,0,2,0,0,1,1,59.05,1882.8,0,0,0.08629675
0,0,0,0,18,1,0,1,0,0,0,0,0,0,0,1,2,69.8,1221.65,0,0,0.23983799
0,0,0,0,1,0,1,0,0,0,0,2,0,0,0,0,3,30.55,30.55,0,0,0.44567683
0,0,1,1,14,1,0,2,1,1,1,1,1,1,2,0,3,18.8,255.55,0,0,0.0053959643
1,0,1,0,72,1,0,0,2,2,0,2,2,2,2,1,0,79.35,5753.25,0,0,0.0010030159
0,0,0,0,58,1,2,2,1,1,1,1,1,1,2,1,1,24.7,1519.0,0,0,0.005066388
0,0,0,0,34,1,2,0,2,2,0,2,0,0,1,1,3,64.4,2088.75,1,0,0.0075804405
0,0,1,0,2,1,0,2,1,1,1,1,1,1,0,0,0,19.85,52.0,0,1,0.50419444
0,0,1,1,14,1,2,1,0,0,0,0,2,0,0,1,2,84.8,1203.9,0,1,0.6562389
0,0,1,1,61,1,2,0,2,2,2,2,2,2,2,0,3,88.1,5526.75,0,0,0.0014013634
0,0,1,0,38,1,2,1,0,0,2,2,2,2,0,1,2,105.0,4026.4,1,1,0.6947814
0,0,1,1,58,1,2,1,2,2,0,0,0,2,0,1,0,93.4,5435.6,1,0,0.018471964
1,0,0,0,2,1,0,0,0,0,0,2,2,2,0,0,2,70.3,132.4,0,0,0.16615267
1,0,0,1,1,1,0,2,1,1,1,1,1,1,0,0,3,20.05,20.05,0,0,0.13667956
0,0,0,0,39,1,0,1,0,0,2,2,0,0,2,1,2,80.45,3201.55,1,0,0.010899567
1,0,0,0,68,1,2,0,2,2,2,0,0,2,1,1,1,76.9,5023.0,0,0,0.09749126
0,0,1,1,31,1,0,2,1,1,1,1,1,1,2,0,3,21.0,697.7,0,0,0.003359446
0,0,1,1,55,1,0,1,0,0,0,0,0,0,2,1,1,69.05,3842.6,0,0,0.0055768914
0,0,1,1,14,1,2,1,0,2,0,0,0,2,0,1,0,90.9,1259.0,1,1,0.51472753
0,1,0,0,55,1,2,1,0,0,2,0,2,2,1,1,2,100.0,5509.3,1,0,0.42559782
1,0,0,0,25,1,0,1,2,0,2,2,2,2,0,1,2,105.5,2686.05,0,1,0.70686144
1,0,1,1,72,1,2,0,2,2,2,2,2,2,2,0,1,89.7,6339.3,0,0,0.00022984351
1,1,1,0,6,1,2,1,0,0,2,0,0,0,0,1,2,80.8,457.1,0,1,0.9098292
0,1,1,0,45,1,0,1,0,0,2,0,0,2,0,1,2,86.1,3861.45,0,1,0.62450963
1,0,1,1,56,1,0,0,2,2,2,0,0,0,2,1,0,59.8,3457.45,0,0,0.039227244
0,0,0,0,13,0,1,0,0,0,0,0,0,2,0,1,2,35.1,446.1,1,0,0.3156214
0,0,1,0,28,1,2,1,0,0,2,2,2,2,0,1,2,104.8,3046.05,1,1,0.6293694
0,0,1,0,7,1,0,0,0,0,0,0,0,0,0,1,3,44.25,313.45,0,0,0.08802698
0,1,0,0,18,1,2,1,0,2,0,2,2,2,0,1,1,103.6,1806.35,0,0,0.2668735
1,0,0,0,46,1,2,1,0,2,2,0,2,0,1,1,1,94.9,4422.95,0,0,0.09038141
0,0,1,0,64,1,2,2,1,1,1,1,1,1,2,0,1,25.0,1584.8,0,0,0.0030701682
0,0,0,0,4,1,0,0,0,0,0,0,0,0,0,1,3,46.0,193.6,1,1,0.5310862
0,0,1,0,71,0,1,0,2,2,2,2,0,0,2,1,0,47.6,3377.8,0,0,0.006666749
0,0,1,1,38,1,0,2,1,1,1,1,1,1,0,0,3,20.45,781.25,0,0,0.0028576057
1,0,0,1,55,1,0,2,1,1,1,1,1,1,1,0,0,19.1,1001.5,0,0,0.05514126
0,1,0,0,1,1,0,1,0,0,2,0,0,2,0,1,2,85.0,85.0,1,1,0.9277575
0,0,0,0,11,1,0,1,0,2,2,2,0,2,0,1,2,94.2,999.9,0,0,0.49487334
1,0,1,0,63,1,2,1,0,2,2,0,2,2,0,1,2,103.4,6603.0,1,1,0.5302143
0,1,1,0,66,1,2,0,0,2,2,0,2,2,2,1,0,80.55,5265.1,1,0,0.0071685826
1,1,0,0,22,1,2,1,0,0,0,0,2,2,0,1,2,96.7,2082.95,1,1,0.747404
0,0,0,0,5,1,2,1,0,0,0,0,2,0,0,1,2,84.0,424.75,0,1,0.8106207
0,1,0,0,18,1,0,0,0,2,0,0,0,0,0,1,1,49.85,865.75,0,0,0.19052075
0,0,0,0,20,1,0,2,1,1,1,1,1,1,2,0,3,19.7,406.95,0,0,0.0011406825
0,1,1,0,18,1,2,1,0,0,0,2,2,2,0,0,0,99.75,1836.25,1,1,0.8885985
1,0,1,1,65,1,2,1,2,0,2,2,2,2,2,0,0,108.65,6937.95,1,0,0.23063667
1,0,1,1,69,1,2,0,2,0,2,2,2,2,2,0,0,86.9,6194.1,0,0,0.0054147346
0,0,1,0,52,1,0,0,2,0,2,0,2,0,1,1,3,64.3,3410.6,0,0,0.009153918
1,0,0,0,2,1,0,1,0,0,0,0,0,2,0,1,2,80.2,181.1,1,1,0.78933156
0,1,1,1,48,1,0,1,2,0,2,2,2,2,0,1,2,104.5,5068.05,0,0,0.09222426
0,0,1,0,42,1,2,1,0,0,2,2,0,0,0,1,2,84.3,3588.4,1,0,0.305986
1,1,1,0,23,1,2,1,0,2,2,0,2,2,0,1,2,104.45,2184.85,0,1,0.7987842
1,0,1,0,72,1,2,1,0,2,2,0,2,2,2,1,0,103.75,7346.2,0,0,0.31083867
1,0,1,1,24,1,2,2,1,1,1,1,1,1,2,1,0,24.1,587.4,0,0,0.00030547412
0,0,0,1,7,0,1,0,2,0,0,0,0,0,0,0,3,29.8,201.95,0,0,0.24861054
0,0,0,0,66,1,2,1,0,0,2,0,2,0,1,1,0,92.15,6056.9,0,0,0.020610666
1,0,0,0,67,1,2,1,2,2,2,2,2,2,1,1,0,118.35,7804.15,1,0,0.2017517
1,0,1,0,47,1,2,1,0,2,2,0,2,2,0,1,2,104.1,5135.15,0,1,0.8416388
0,1,1,0,47,1,2,1,0,0,2,0,2,2,0,0,2,99.7,4747.2,0,1,0.78672576
1,0,0,0,2,1,0,0,2,0,2,0,0,0,0,0,2,53.45,119.5,0,1,0.61915565
0,0,1,1,12,1,2,2,1,1,1,1,1,1,2,0,1,25.25,274.7,0,0,0.0047492436
1,0,0,0,3,1,0,1,0,0,0,0,0,0,0,1,3,70.3,220.4,0,0,0.36990657
1,1,1,0,69,1,2,1,0,2,2,0,0,2,0,1,0,95.35,6382.0,0,0,0.2568809
1,0,0,0,1,1,0,1,0,0,0,0,2,0,0,1,2,79.05,79.05,1,1,0.94716823
1,0,1,1,8,1,0,0,0,0,0,0,0,0,1,1,3,43.45,345.5,0,0,0.23535356
1,0,0,0,3,1,2,1,0,2,2,0,2,2,0,1,0,105.35,323.25,1,1,0.9492217
0,0,1,1,30,0,1,0,0,0,0,2,2,2,0,0,1,51.2,1561.5,1,0,0.11655561
1,0,0,0,29,1,0,0,0,0,2,2,2,2,1,1,0,75.35,2243.9,0,0,0.01559302
0,0,0,0,40,1,0,2,1,1,1,1,1,1,2,1,0,20.6,827.3,0,0,0.00073444966
1,0,1,0,72,1,2,0,2,0,2,2,2,2,2,0,1,86.65,6094.25,0,0,0.00031448563
1,0,1,0,48,1,2,1,2,2,2,0,2,2,0,1,0,111.45,5315.1,0,1,0.79210716
1,1,0,0,47,1,0,1,2,0,0,0,0,2,0,0,3,85.5,4042.3,1,0,0.21065451
0,1,0,0,4,1,0,2,1,1,1,1,1,1,0,0,3,20.05,91.45,0,0,0.16315626
1,0,1,1,72,1,2,1,2,2,2,2,2,2,2,1,1,114.05,8289.2,0,0,0.007638128
1,0,0,0,1,1,0,2,1,1,1,1,1,1,0,1,1,19.75,19.75,0,0,0.1284273
1,0,0,1,52,1,2,2,1,1,1,1,1,1,2,0,1,25.6,1334.5,0,0,0.02715796
1,0,1,0,5,0,1,0,0,0,0,0,0,0,0,1,2,24.95,100.4,1,0,0.21997817
1,0,1,1,22,1,0,2,1,1,1,1,1,1,1,0,0,20.25,488.25,0,0,0.005541938
0,0,1,1,18,1,0,0,2,2,0,2,0,0,1,1,3,61.5,1087.45,0,0,0.059264034
0,0,1,1,54,1,2,2,1,1,1,1,1,1,1,1,0,24.75,1342.15,0,0,0.010957262
1,0,0,0,25,1,0,2,1,1,1,1,1,1,0,0,3,20.6,541.5,0,0,0.0021880078
0,0,0,0,38,1,0,2,1,1,1,1,1,1,2,0,3,20.3,743.05,0,0,0.0009828901
0,0,1,0,2,1,0,1,0,0,0,0,0,0,0,1,2,70.7,141.45,1,1,0.55676854
0,0,0,0,2,1,2,0,0,0,0,2,0,0,0,1,3,54.35,117.05,0,1,0.8376426
0,0,0,0,7,1,0,0,0,0,0,2,2,2,0,1,1,70.75,450.8,1,0,0.17895178
1,0,0,0,4,1,0,0,0,0,0,0,2,0,0,1,2,56.4,234.85,0,0,0.21960263
0,0,1,1,3,0,1,0,2,0,0,0,0,0,0,0,1,29.7,91.7,1,0,0.12893412
1,0,1,0,53,1,0,2,1,1,1,1,1,1,2,0,1,19.9,1110.05,0,0,0.0021876686
0,0,0,0,17,1,0,2,1,1,1,1,1,1,1,0,1,20.05,337.9,0,0,0.014588239
0,0,0,0,70,0,1,0,2,2,2,2,0,0,2,1,0,44.6,3058.15,0,0,0.005457292
1,0,0,0,25,1,2,1,0,0,0,0,2,2,0,1,0,94.7,2362.1,1,1,0.6872307
1,0,0,0,1,1,0,2,1,1,1,1,1,1,0,0,3,20.3,20.3,0,0,0.26961833
0,0,0,0,1,1,0,0,2,0,0,0,0,0,0,0,0,49.55,49.55,0,0,0.19518808
0,1,0,0,24,1,0,2,1,1,1,1,1,1,0,1,3,20.3,459.95,0,0,0.016032036
1,1,0,0,3,1,2,1,0,0,2,0,2,0,0,0,2,91.05,289.1,1,1,0.8301008
1,0,1,1,48,1,2,2,1,1,1,1,1,1,2,0,3,23.55,1173.35,0,0,0.0064992676
0,0,0,0,66,0,1,0,2,2,2,2,2,2,2,1,0,62.5,4136.4,0,0,0.00082776864
1,0,1,1,19,1,2,1,0,0,0,2,2,2,1,1,2,100.95,1875.55,1,1,0.6426763
0,0,0,0,1,1,0,0,0,0,2,0,0,0,0,1,3,50.45,50.45,1,1,0.88697064
0,0,1,1,72,1,2,2,1,1,1,1,1,1,2,0,0,25.2,1787.35,0,0,5.1252377e-05
1,0,0,0,10,1,0,2,1,1,1,1,1,1,0,1,3,19.85,193.05,0,0,0.20335239
1,0,1,1,54,1,2,0,2,2,0,2,0,0,2,1,1,65.65,3566.7,0,0,0.0021951653
0,0,1,0,71,1,2,2,1,1,1,1,1,1,2,0,0,24.75,1836.9,0,0,9.383971e-05
1,0,1,1,27,1,2,1,0,0,0,0,0,0,0,1,0,75.75,1929.0,0,0,0.286152
0,0,1,0,57,1,0,2,1,1,1,1,1,1,2,1,0,19.6,1134.25,0,0,0.017293587
0,0,1,1,10,1,2,0,2,2,0,0,2,0,1,0,2,70.3,676.15,0,0,0.193013
0,1,0,0,2,1,0,1,0,0,0,0,2,0,0,0,3,81.5,162.55,0,1,0.88860893
0,0,0,0,34,1,0,0,2,0,2,2,2,2,1,1,0,79.95,2727.3,0,0,0.11280657
1,1,1,0,19,0,1,0,0,2,2,0,0,0,0,1,1,34.3,577.15,0,0,0.4559414
0,0,0,0,17,1,0,1,0,0,0,0,0,0,0,1,2,70.0,1144.5,1,1,0.62679535
1,0,0,0,66,0,1,0,0,0,0,2,0,0,1,0,1,29.45,1983.15,0,0,0.0023359891
0,0,0,0,31,1,2,1,0,0,0,2,0,0,0,1,1,79.85,2404.15,1,0,0.27340046
0,0,0,0,56,0,1,0,2,2,2,2,0,0,2,0,0,45.05,2560.1,0,0,0.026020475
1,0,0,1,49,1,2,1,0,0,0,2,2,2,1,1,0,100.6,5069.65,1,0,0.093850546
1,0,0,1,27,1,0,0,2,2,0,0,0,0,1,0,3,56.2,1567.55,0,0,0.018135242
0,0,0,0,45,1,2,0,2,0,0,2,0,2,2,0,3,73.55,3349.1,0,0,0.0031093678
1,0,0,0,1,0,1,0,0,0,0,0,0,0,0,0,3,25.35,25.35,0,1,0.52762747
0,0,0,0,3,1,0,2,1,1,1,1,1,1,0,0,3,19.85,57.2,0,0,0.37703747
1,0,0,0,35,1,0,0,2,2,2,0,0,0,1,0,3,61.2,2021.2,0,0,0.017237155
0,1,0,0,5,1,0,1,0,0,0,0,0,2,0,0,2,78.95,378.4,1,0,0.4936203
1,0,0,0,54,1,2,1,0,2,0,0,0,0,0,1,0,79.85,4308.25,0,0,0.38549384
0,0,0,0,13,1,0,2,1,1,1,1,1,1,1,0,2,19.65,244.8,0,0,0.0038566804
1,1,0,0,3,1,2,1,0,0,0,0,2,2,0,1,2,94.85,335.75,0,1,0.9843805
0,0,1,0,9,1,0,1,0,0,2,0,0,0,0,1,0,75.75,655.9,1,1,0.6313556
0,0,0,0,24,1,0,0,2,0,0,2,0,0,0,0,1,56.35,1381.2,0,0,0.1718594
1,0,0,0,9,1,0,0,2,0,2,2,0,2,0,1,0,68.25,576.95,0,0,0.022301428
0,0,1,1,70,1,2,0,2,0,0,0,0,2,1,0,0,65.2,4543.15,0,0,0.12468178
0,0,1,0,72,1,2,1,0,2,2,2,2,2,2,1,0,110.45,7982.5,0,0,0.010214784
1,0,1,1,45,1,2,1,0,2,2,2,2,2,2,1,0,109.75,4900.65,0,0,0.16356952
0,0,0,0,39,0,1,0,2,2,0,2,0,0,1,1,0,40.3,1630.4,0,0,0.024778241
1,0,1,0,51,1,2,1,2,2,0,0,0,2,1,1,1,96.4,4911.05,0,0,0.082352355
1,0,0,0,1,1,0,2,1,1,1,1,1,1,0,1,3,20.1,20.1,1,1,0.8061402
0,0,0,0,29,0,1,0,0,0,0,0,0,0,0,1,1,25.1,712.85,1,0,0.10650498
1,0,0,0,22,1,2,2,1,1,1,1,1,1,0,1,1,24.85,493.4,0,0,0.055609085
0,1,0,0,20,1,2,1,0,0,0,0,0,2,0,1,1,85.8,1727.5,1,1,0.5683663
1,0,0,0,8,0,1,0,2,0,0,0,0,0,0,0,3,29.35,216.45,0,0,0.1576886
0,0,1,0,15,1,0,1,0,0,2,0,2,0,0,1,2,84.3,1308.4,1,1,0.58382076
1,0,0,0,1,1,0,0,2,0,0,0,0,0,0,1,3,50.75,50.75,0,0,0.38978398
0,0,1,1,54,1,2,0,2,0,0,2,0,0,2,0,0,60.0,3273.95,0,0,0.008971572
0,0,1,1,18,1,0,2,1,1,1,1,1,1,2,0,3,19.35,309.25,0,0,0.0055556674
1,1,1,0,18,1,0,0,2,0,0,0,0,2,0,1,1,59.1,1011.05,0,0,0.19521111
1,0,1,1,72,0,1,0,2,2,2,2,0,0,2,0,1,45.25,3139.8,0,0,0.0023459943
0,0,1,1,33,1,2,2,1,1,1,1,1,1,2,1,3,24.5,740.3,1,0,0.00048904045
0,0,0,0,7,1,0,1,0,0,0,0,0,0,0,1,0,69.85,515.45,0,0,0.3906933
1,0,1,0,44,0,1,0,0,2,2,0,2,2,2,0,0,54.3,2390.45,0,0,0.061890993
0,0,0,0,2,1,2,1,0,0,0,0,0,0,0,0,1,74.9,147.15,1,1,0.6916923
1,0,0,0,58,1,2,1,0,0,0,2,0,0,0,0,0,80.65,4807.35,0,0,0.050610222
1,0,1,0,2,1,0,1,0,0,0,2,2,2,0,1,2,94.2,167.5,1,1,0.84094036
0,0,0,0,17,1,0,2,1,1,1,1,1,1,0,0,1,19.7,340.35,0,0,0.2368803
0,0,0,0,36,1,2,1,0,2,2,0,2,2,1,1,0,104.8,3886.45,0,0,0.14322163
0,1,1,0,71,1,0,1,0,2,2,0,0,2,2,0,1,89.45,6435.25,0,0,0.034578986
1,1,0,0,67,1,2,1,0,0,0,0,0,0,0,1,3,75.7,5060.85,0,0,0.34560385
1,0,1,0,17,0,1,0,0,2,0,0,2,2,0,1,3,49.8,836.35,0,1,0.68737435
0,0,1,1,67,1,2,1,0,2,2,2,2,2,1,1,1,112.35,7388.45,0,0,0.02129406
1,0,0,0,65,1,2,1,0,2,2,0,2,2,2,0,1,105.1,6631.85,0,0,0.032889448
1,0,1,1,1,1,0,1,0,0,0,0,0,0,0,1,2,68.5,68.5,1,1,0.9376131
0,0,1,0,7,1,0,1,0,0,0,0,2,0,0,1,2,81.1,576.65,1,1,0.6921583
0,0,1,1,11,1,0,2,1,1,1,1,1,1,1,1,3,20.0,196.35,0,0,0.033769134
0,0,1,0,69,1,2,1,2,2,2,2,2,2,2,1,2,116.0,8182.85,0,0,0.03332997
0,0,1,0,70,1,0,2,1,1,1,1,1,1,2,0,0,19.45,1303.5,0,0,0.0007204892
0,0,1,1,72,0,1,0,2,2,2,2,2,2,2,0,0,64.45,4528.0,0,0,0.0013055477
0,0,0,0,7,1,2,1,0,0,0,0,0,0,0,1,2,73.85,511.25,1,1,0.5856536
1,0,0,1,3,1,0,1,0,0,0,0,0,0,0,0,2,69.65,220.1,1,1,0.5246401
1,0,1,0,72,1,2,0,0,2,2,2,2,2,2,0,0,85.95,6151.9,0,0,0.0011654367
0,0,0,0,16,1,0,1,0,2,2,0,0,2,0,1,1,93.2,1573.7,1,0,0.13458808
0,0,0,0,38,1,0,2,1,1,1,1,1,1,2,0,3,20.05,741.5,0,0,0.00045643706
0,0,0,0,1,1,0,1,0,0,0,0,0,0,0,1,2,70.85,70.85,1,1,0.80394685
1,0,0,0,1,1,0,0,0,0,0,0,0,0,0,1,2,42.9,42.9,1,1,0.71503115
0,0,1,0,42,0,1,0,0,2,0,2,0,0,1,0,3,33.55,1445.3,1,0,0.0263598
0,1,0,0,3,1,0,1,0,0,2,0,0,0,0,0,3,75.05,202.9,0,1,0.75920516
1,0,0,0,35,1,2,1,2,0,2,2,2,2,2,1,2,108.95,4025.5,0,0,0.034815405
1,0,1,1,72,1,2,1,2,2,2,2,2,2,2,1,1,114.3,8058.55,0,0,0.0037090145
0,0,1,0,64,1,2,2,1,1,1,1,1,1,2,0,3,25.55,1714.95,0,0,0.0013542862
1,0,0,0,1,1,0,0,0,0,0,0,0,0,0,0,2,45.75,45.75,1,1,0.7832813
0,0,1,0,12,1,0,0,2,0,0,2,0,0,0,0,0,54.2,690.5,0,0,0.36101115
1,1,1,0,10,1,2,1,0,0,2,0,0,2,0,1,2,89.8,914.3,1,1,0.79232043
0,0,0,0,15,1,0,2,1,1,1,1,1,1,0,0,0,19.75,297.3,1,0,0.33110288
0,1,1,0,29,0,1,0,2,0,2,0,0,2,0,1,2,45.0,1228.65,0,0,0.39656907
1,0,1,1,63,1,0,1,0,2,2,0,0,0,0,1,1,80.3,4896.35,0,0,0.026950097
0,0,1,1,36,1,2,1,2,0,2,0,2,2,0,1,1,104.5,3684.95,0,0,0.49470943
0,0,1,0,55,1,2,1,0,2,2,0,2,0,0,1,1,94.45,5073.1,0,0,0.20815267
1,0,1,1,72,1,2,1,2,2,2,2,2,0,2,1,1,106.1,7548.6,0,0,0.0047454364
0,0,0,0,5,1,2,0,0,2,0,0,0,2,0,1,2,64.0,370.25,0,0,0.21116349
1,0,0,0,16,1,0,1,0,0,0,2,0,0,0,1,1,74.55,1170.5,0,0,0.2662988
0,0,0,0,49,1,2,1,0,0,0,0,0,2,0,1,2,84.5,3906.7,0,1,0.84531957
1,0,1,0,66,1,2,0,2,2,2,2,2,2,2,0,0,91.7,6075.9,0,0,0.00346003
0,0,1,1,72,1,2,0,2,2,2,2,2,2,2,0,1,90.95,6652.45,0,0,0.0002907044
1,0,0,0,5,0,1,0,2,0,2,2,0,0,0,0,3,40.0,223.45,1,0,0.1066487
0,0,1,1,71,1,0,0,2,2,2,2,2,2,2,0,1,87.25,6328.7,0,0,0.00031330626
1,0,1,0,30,1,2,0,0,0,0,0,0,0,0,0,2,49.9,1441.95,0,0,0.08506159
1,0,1,1,18,1,0,0,2,0,2,2,2,2,0,0,2,83.25,1611.15,0,0,0.17279397
1,1,0,0,4,1,0,1,0,0,2,0,2,2,0,1,2,94.75,422.4,0,1,0.94215435
0,0,1,1,67,1,2,1,2,0,0,2,2,2,2,0,1,106.7,7009.5,0,0,0.16444126
1,1,1,0,69,1,2,1,2,2,0,0,0,0,0,1,1,84.9,5785.65,0,0,0.016206088
1,0,1,0,39,1,0,2,1,1,1,1,1,1,2,1,0,20.45,790.0,0,0,0.0007064924
1,1,1,0,52,1,2,1,0,2,2,0,2,2,1,1,0,105.1,5376.4,0,0,0.4822211
1,0,0,1,38,1,2,1,0,0,2,0,2,2,0,1,0,99.25,3777.15,1,0,0.28908524
1,0,1,0,71,1,2,1,2,0,2,2,2,2,2,1,1,108.55,7616.0,0,1,0.66073465
1,1,0,0,3,1,2,1,0,2,0,0,0,0,0,1,2,81.35,233.7,1,1,0.7814145
1,0,0,0,9,0,1,0,0,0,0,0,0,0,0,1,2,24.95,190.25,0,0,0.37068123
1,0,0,0,17,1,0,2,1,1,1,1,1,1,1,0,3,19.95,310.6,0,0,0.0045273528
1,0,1,0,35,1,2,1,0,0,0,2,0,2,0,1,0,89.85,3161.2,0,0,0.13336524
0,0,1,1,72,1,2,0,2,0,2,2,2,2,2,1,0,83.3,6042.7,0,0,0.00059103227
1,0,1,0,41,1,0,2,1,1,1,1,1,1,2,1,2,19.75,899.45,0,0,0.0032279447
1,0,0,0,63,1,0,0,2,2,2,2,2,2,2,1,0,86.7,5309.5,0,0,0.00274202
0,1,1,0,32,1,2,1,0,0,0,0,2,0,0,1,1,85.95,2628.6,1,0,0.41707033
0,0,1,0,13,1,2,1,0,2,2,0,2,0,0,0,2,94.1,1215.6,1,1,0.6045531
0,0,1,1,72,1,2,2,1,1,1,1,1,1,1,1,0,23.3,1623.15,0,0,0.00050470093
0,0,0,0,52,1,2,1,0,2,0,0,0,0,1,1,3,80.2,4297.6,0,0,0.048600834
1,0,0,0,31,1,0,1,0,2,2,0,2,2,0,1,2,101.4,3143.65,0,1,0.5437835
1,0,1,1,72,1,2,2,1,1,1,1,1,1,2,0,0,25.0,1738.9,0,0,7.56059e-05
0,0,0,0,29,1,2,1,0,0,2,0,2,2,0,1,1,98.6,2933.2,1,1,0.5330106
0,0,0,0,40,1,2,0,0,0,2,2,2,2,1,1,3,80.75,3208.65,0,0,0.040571336
0,1,1,0,66,1,2,1,0,2,2,0,2,2,1,0,1,104.6,6819.45,0,0,0.15197138
0,0,0,0,1,1,0,1,0,0,2,0,2,2,0,0,2,94.4,94.4,1,1,0.9653598
1,0,0,0,2,1,0,0,0,0,0,0,0,0,0,1,1,46.0,84.5,1,1,0.5269479
1,0,1,0,72,1,2,1,2,2,2,2,2,2,2,0,0,115.15,8349.45,0,0,0.010155292
0,1,0,0,66,1,2,1,2,0,0,0,2,2,2,1,0,102.4,6471.85,0,0,0.29367763
1,0,1,1,50,1,2,0,0,0,2,0,0,0,1,0,0,54.9,2614.1,0,0,0.03209938
0,0,0,0,15,1,0,1,2,2,0,0,2,2,0,1,1,99.1,1426.4,1,1,0.7704749
0,0,1,0,37,1,2,1,0,0,2,0,0,0,0,1,1,78.95,2839.65,1,1,0.60411483
0,0,1,1,13,1,0,1,0,0,0,0,2,2,0,0,2,88.35,1222.8,1,0,0.4891626
0,1,1,0,58,1,2,1,0,2,0,0,2,2,1,1,0,97.8,5458.8,0,1,0.5768637
1,1,0,0,15,1,2,1,0,0,0,0,0,0,0,1,1,74.2,1133.9,1,0,0.4601455
1,0,1,1,18,1,0,2,1,1,1,1,1,1,1,0,0,19.8,342.3,0,0,0.026978724
0,0,1,1,72,1,2,1,2,2,0,0,2,0,2,1,0,95.9,6954.15,0,0,0.002902908
0,0,0,0,31,1,0,1,2,0,2,2,0,0,0,0,2,87.6,2724.25,0,0,0.33829767
1,0,0,0,53,1,0,2,1,1,1,1,1,1,2,0,0,19.65,978.0,0,0,0.11924335
0,0,1,0,26,1,0,0,0,2,2,2,2,2,0,0,0,81.9,2078.55,0,0,0.06489648
1,0,0,0,6,1,0,0,2,0,2,2,2,2,2,1,3,80.25,493.4,0,0,0.0019145729
1,0,1,0,61,1,2,1,0,2,2,2,2,2,0,1,2,114.1,7132.15,0,0,0.069915324
1,0,1,1,9,1,2,1,0,0,2,0,0,0,0,1,0,79.35,661.25,1,1,0.6710094
0,0,1,0,46,1,0,0,0,2,0,0,2,2,0,1,1,69.1,3168.0,0,0,0.24071369
0,0,0,0,62,1,0,0,2,0,0,2,0,2,2,1,3,65.1,3846.75,0,0,0.0013477139
0,0,1,1,52,1,2,1,0,2,2,0,2,0,1,1,1,95.7,4976.15,0,0,0.12498194
0,0,0,1,1,1,0,1,0,0,0,0,0,0,0,1,2,69.65,69.65,1,1,0.96541846
0,0,1,1,11,0,1,0,2,0,0,0,0,0,0,1,2,29.6,346.45,0,0,0.17534296
0,0,0,0,72,1,2,1,2,2,2,2,2,2,2,1,0,116.45,8013.55,0,0,0.0061591156
1,1,1,0,32,1,2,1,0,2,2,0,0,2,0,1,2,93.5,2970.8,0,1,0.5142696
0,0,0,0,65,1,0,0,2,2,0,2,0,0,2,1,3,59.6,3739.8,0,0,0.00083315687
0,0,1,1,52,1,0,0,0,0,2,0,0,0,1,1,0,50.95,2610.65,0,0,0.0069131423
1,0,0,0,47,1,2,1,2,2,0,2,2,0,0,0,3,100.75,4669.2,0,0,0.49841574
1,0,1,1,55,1,2,1,0,0,2,0,2,0,0,1,1,90.4,5099.15,0,0,0.18928814
1,0,0,1,1,0,1,0,0,0,0,0,0,0,0,0,2,24.75,24.75,1,0,0.41536996
1,0,0,0,2,1,0,1,0,0,0,0,2,0,0,1,2,80.25,144.55,1,1,0.7828952
1,0,1,1,35,1,0,2,1,1,1,1,1,1,2,0,3,19.6,686.95,0,0,0.00023572326
0,0,1,1,33,1,0,2,1,1,1,1,1,1,1,0,3,20.1,579.4,0,0,0.00018837956
1,0,1,1,15,1,0,1,2,0,0,2,2,2,1,0,2,101.9,1667.25,0,0,0.49189344
0,0,1,0,72,1,2,0,2,2,2,2,2,2,2,1,0,90.95,6468.6,0,0,0.0006547783
1,1,0,0,1,1,0,0,0,0,0,0,0,0,0,0,2,44.0,44.0,0,1,0.52712405
0,0,1,1,43,1,0,0,0,0,0,0,2,0,0,0,2,56.15,2499.3,1,0,0.10046457
1,0,0,0,10,1,0,0,0,2,0,0,2,0,0,1,3,59.65,638.95,0,0,0.0831053
1,0,0,0,5,1,0,2,1,1,1,1,1,1,0,0,3,20.35,92.75,0,0,0.07726372
1,0,0,0,57,1,2,1,0,0,0,2,2,0,2,1,1,90.45,5229.8,0,0,0.01012924
0,0,1,1,17,1,2,1,2,0,2,0,2,0,0,0,2,94.4,1607.2,1,1,0.8383286
0,0,1,0,52,1,2,1,0,2,0,2,2,2,0,1,1,102.7,5138.1,0,0,0.17514043
1,0,0,0,15,1,2,0,0,2,0,2,0,0,0,1,1,58.6,939.7,1,0,0.11395752
1,1,0,0,24,1,2,1,0,0,0,0,0,0,0,1,2,76.1,1712.7,1,1,0.59498936
1,0,1,1,30,1,2,1,2,2,0,0,2,0,0,1,2,94.4,2838.7,1,0,0.2989593
1,0,0,0,3,1,0,0,2,0,2,0,2,2,0,1,2,77.4,206.15,0,0,0.31661764
1,0,1,0,23,1,2,1,2,2,2,0,2,0,0,1,2,99.25,2186.4,1,1,0.874877
0,0,0,0,29,1,0,2,1,1,1,1,1,1,0,0,1,19.35,601.6,0,0,0.018215453
0,0,0,0,1,0,1,0,0,0,0,0,0,0,0,0,3,24.4,24.4,0,0,0.25566435
1,0,0,0,2,1,0,0,0,0,0,2,0,0,0,1,1,50.2,109.25,0,1,0.5181175
1,0,1,1,40,1,2,1,0,0,2,0,0,0,0,1,2,81.2,3292.3,0,0,0.30048165
1,0,0,0,1,1,0,0,0,0,0,0,0,0,0,0,2,44.0,44.0,0,0,0.41991213
1,0,1,0,62,0,1,0,0,0,0,2,2,0,2,1,0,39.0,2337.45,0,0,0.006387374
1,0,0,0,32,1,0,2,1,1,1,1,1,1,1,0,1,20.35,707.5,0,0,0.004823066
0,0,1,1,33,1,0,2,1,1,1,1,1,1,2,0,1,19.8,641.35,0,0,8.874162e-05
0,0,1,1,71,1,0,2,1,1,1,1,1,1,2,0,0,20.5,1500.95,0,0,2.8942693e-05
0,0,1,1,10,1,0,2,1,1,1,1,1,1,2,0,3,20.15,220.8,0,0,0.002343896
0,0,0,1,15,1,0,0,2,2,2,2,0,0,1,0,1,65.6,1010.0,0,0,0.011700865
1,0,1,0,43,1,0,1,2,2,2,0,0,0,0,1,1,86.1,3551.65,0,0,0.038852233
1,0,0,0,2,1,2,1,0,0,0,0,2,0,0,1,2,85.65,181.5,1,1,0.90537584
1,0,0,0,5,1,2,1,0,0,0,0,2,2,0,1,0,94.85,462.8,1,1,0.98223925
0,0,0,0,68,0,1,0,2,0,2,2,0,0,2,0,3,38.9,2719.2,0,0,0.0013047489
1,0,0,0,2,1,0,0,0,0,0,0,0,0,0,0,3,44.65,74.9,1,0,0.4487897
0,1,1,1,66,1,2,1,2,2,0,2,2,2,1,1,1,110.6,7210.85,0,0,0.015190611
1,0,0,0,1,1,0,1,0,0,0,0,0,0,0,1,2,69.65,69.65,1,1,0.96046126
0,1,0,0,50,1,2,1,2,2,0,0,0,0,0,1,2,83.4,4113.7,0,0,0.46683154
0,0,0,0,15,1,0,1,0,0,2,0,2,2,0,1,1,94.0,1505.45,0,0,0.49446845
1,0,1,0,65,1,2,1,2,0,2,0,2,2,0,1,2,104.25,6812.95,0,0,0.11911462
1,1,1,0,68,1,2,1,0,2,2,0,2,2,0,1,2,105.3,7299.65,1,1,0.51803726
0,0,1,1,72,1,0,2,1,1,1,1,1,1,2,1,3,20.7,1482.3,0,0,4.2308537e-05
0,0,0,0,10,1,2,1,0,2,0,0,0,0,0,1,1,81.0,818.05,1,1,0.88876
1,0,1,0,58,0,1,0,0,0,0,0,2,2,1,1,1,45.0,2689.35,0,0,0.22734429
1,0,0,0,1,1,0,1,0,0,0,0,2,2,0,1,2,89.25,89.25,0,1,0.83010614
0,0,0,0,12,1,2,1,0,0,0,0,0,2,0,1,2,86.55,1066.9,0,1,0.8967914
1,0,0,0,55,1,2,0,0,0,2,0,2,2,2,1,0,77.8,4323.35,0,0,0.003974963
1,0,0,0,3,1,2,1,0,0,0,0,0,0,0,1,2,74.4,229.55,1,1,0.71947336
0,0,0,1,15,1,0,1,0,0,0,0,0,0,0,0,0,69.0,994.8,1,0,0.43762597
0,0,0,0,54,1,2,1,0,2,0,0,2,2,2,1,0,97.2,5129.45,0,0,0.34435493
0,1,1,1,12,0,1,0,0,0,0,2,0,0,0,1,3,29.3,355.9,0,0,0.3495997
1,0,0,0,2,1,0,2,1,1,1,1,1,1,0,0,3,20.0,32.7,0,0,0.05814674
1,0,0,1,13,1,0,0,0,0,0,0,0,0,0,0,3,44.0,659.35,0,0,0.047259364
0,0,1,0,20,1,0,1,0,0,0,0,0,0,0,1,0,69.8,1540.35,0,0,0.14139321
0,0,1,0,72,0,1,0,2,2,2,2,2,2,2,0,0,65.5,4919.7,0,0,0.0048140273
0,0,1,0,67,1,2,0,2,2,2,0,0,0,2,0,3,65.65,4322.85,0,0,0.0010525892
1,0,0,1,11,1,2,1,0,0,0,0,0,2,0,0,2,86.2,893.2,0,1,0.70525044
1,0,0,0,1,1,0,0,0,0,2,2,0,0,0,0,3,55.05,55.05,0,1,0.7795938
0,0,1,1,72,1,2,0,2,2,2,2,2,2,2,0,1,89.8,6510.45,0,0,0.0004271012
1,0,1,0,30,1,0,0,0,0,2,0,0,0,0,1,3,50.0,1474.9,0,0,0.093133755
0,1,0,0,27,1,2,1,0,2,2,0,0,0,0,1,0,86.45,2401.05,0,1,0.55539286
0,0,1,1,14,1,0,0,2,2,0,2,0,0,0,0,0,59.45,780.85,0,0,0.18658969
0,0,0,0,1,1,0,0,0,0,0,0,0,0,0,0,1,43.95,43.95,0,0,0.3839565
0,0,0,0,46,1,2,0,2,0,2,0,2,2,2,0,3,79.2,3593.8,0,0,0.007889289
0,1,0,0,1,1,2,1,0,0,0,0,0,0,0,1,2,74.2,74.2,1,1,0.7086408
0,0,0,0,52,0,1,0,2,2,0,2,0,0,2,0,3,39.1,1982.1,0,0,0.0022954927
1,0,0,0,1,1,0,0,0,0,0,0,0,0,0,0,2,45.3,45.3,1,1,0.76484066
1,0,1,0,22,1,0,1,0,0,2,0,2,2,0,1,1,94.7,1914.9,1,0,0.21908082
0,1,0,0,63,1,2,1,0,0,2,0,0,2,0,1,0,89.6,5538.8,0,0,0.11443893
0,0,1,1,1,1,0,1,0,0,0,0,0,0,0,1,2,69.8,69.8,1,1,0.83312243
1,0,1,0,32,1,2,0,2,0,0,2,2,0,1,1,1,72.8,2333.05,0,0,0.028512396
0,0,0,0,5,1,0,0,0,2,0,0,0,0,0,0,0,50.55,244.75,0,1,0.5358425
1,0,0,0,54,1,0,0,2,2,0,2,2,0,0,1,3,69.9,3883.3,0,0,0.0006364386
0,0,0,0,1,1,0,2,1,1,1,1,1,1,0,0,3,19.5,19.5,0,0,0.3754359
0,0,0,0,18,1,2,1,0,0,0,2,2,2,0,1,0,99.85,1776.95,1,1,0.6832661
1,0,0,0,6,1,0,0,0,0,2,0,2,0,0,0,3,60.9,414.1,0,0,0.26037776
1,0,1,1,6,1,0,0,0,2,2,0,0,0,0,1,3,55.3,324.25,1,0,0.29031855
1,0,0,0,1,1,0,2,1,1,1,1,1,1,0,0,3,19.1,19.1,0,0,0.16174434
1,0,0,0,17,1,0,0,2,2,0,0,0,0,0,1,1,55.5,934.15,0,0,0.1907285
1,1,1,0,1,1,2,1,2,0,0,0,0,0,0,1,2,80.3,80.3,1,1,0.70133996
0,0,1,0,9,1,0,1,0,0,0,0,0,2,0,1,2,79.75,769.1,0,1,0.62641716
1,0,1,1,72,1,2,0,2,2,2,2,2,2,2,0,1,88.7,6501.35,0,0,0.00015371255
1,0,0,0,12,1,0,0,0,0,0,2,0,0,0,0,0,50.25,593.75,1,0,0.010857391
0,0,1,1,39,1,0,2,1,1,1,1,1,1,2,1,0,19.85,854.8,0,0,0.00191677
1,1,1,0,35,1,2,1,2,2,0,0,0,2,0,1,2,94.55,3365.4,0,0,0.1827943
0,0,0,0,72,1,2,1,0,0,2,2,2,2,2,1,1,107.5,7853.7,0,0,0.011755159
0,0,0,1,17,1,2,0,0,0,2,0,0,0,1,1,3,55.85,937.5,1,0,0.034464322
1,0,0,0,72,1,2,0,2,2,2,2,0,0,2,0,0,69.65,4908.25,0,0,0.001971494
0,0,0,0,59,1,2,1,0,2,2,0,0,0,0,1,2,83.25,4949.1,0,0,0.22902776
1,0,1,0,72,1,2,1,0,2,0,0,2,2,2,1,2,99.4,7285.7,0,0,0.11330027
1,1,1,1,60,1,2,1,2,0,0,0,0,0,0,1,2,80.95,4859.1,0,0,0.036591943
0,1,0,0,72,1,2,1,2,2,2,2,2,2,2,1,1,117.35,8436.25,0,0,0.009298783
1,0,0,0,15,0,1,0,0,0,0,2,0,0,0,1,2,29.7,438.25,1,0,0.08213206
1,0,1,0,68,0,1,0,2,0,2,0,2,2,2,1,0,54.1,3794.5,0,0,0.027549088
0,1,0,0,71,1,2,1,0,0,2,0,2,2,2,0,0,104.05,7413.55,0,0,0.01388493
1,0,1,1,58,1,2,1,0,0,2,2,2,2,1,1,0,105.05,6004.85,0,1,0.6813005
1,0,0,0,44,1,0,1,0,2,0,2,2,2,0,0,2,100.55,4398.15,1,0,0.12703073
0,1,1,0,72,1,2,1,2,0,2,2,2,2,2,1,3,109.75,8075.35,0,0,0.0014739647
1,0,1,1,6,1,2,2,1,1,1,1,1,1,2,0,3,25.4,153.3,0,0,0.0017552526
0,0,0,0,9,1,0,2,1,1,1,1,1,1,0,0,3,20.25,186.15,0,0,0.18781143
1,0,1,1,66,1,0,2,1,1,1,1,1,1,2,0,1,20.0,1374.2,0,0,0.00091143453
0,0,0,0,13,1,0,1,0,2,2,0,0,0,0,1,2,79.25,1111.65,1,1,0.68654096
1,1,0,0,20,1,2,1,0,0,0,0,2,0,0,1,2,84.35,1745.2,0,1,0.7127604
1,0,0,1,1,1,0,2,1,1,1,1,1,1,0,1,3,19.2,19.2,0,0,0.42358714
0,0,1,1,5,1,2,2,1,1,1,1,1,1,0,1,3,24.3,132.25,0,0,0.06880024
1,0,1,0,51,1,0,0,2,2,2,2,2,2,2,1,1,83.85,4307.1,0,0,0.0011842212
1,0,0,0,32,1,2,1,0,2,0,0,0,0,0,1,0,80.35,2596.15,1,0,0.48331448
1,0,1,0,67,1,0,1,2,2,0,0,0,2,1,1,1,90.6,6056.15,1,0,0.005906288
1,0,1,1,12,1,2,2,1,1,1,1,1,1,2,1,0,25.4,313.0,0,0,0.009001285
1,0,0,0,27,1,2,1,0,0,2,0,0,0,0,1,2,81.3,2272.8,0,0,0.45826167
1,1,1,0,60,1,0,1,0,2,2,0,2,2,1,1,2,97.95,5867.0,0,0,0.098803475
0,0,0,1,18,1,2,0,2,0,0,0,0,2,0,0,2,64.8,1166.7,0,0,0.4720179
0,1,0,0,3,1,0,1,0,0,0,0,0,0,0,1,2,70.3,235.5,1,0,0.2898748
0,0,0,0,1,1,0,2,1,1,1,1,1,1,0,0,2,19.3,19.3,1,0,0.066287406
0,0,0,0,2,1,0,2,1,1,1,1,1,1,0,0,3,20.35,45.3,0,0,0.08142036
0,0,0,0,30,0,1,0,0,0,0,2,0,2,1,1,1,40.35,1187.05,0,0,0.024817714
1,0,1,0,71,1,2,1,2,2,2,0,2,2,1,1,2,109.6,7854.15,0,0,0.16912824
0,0,1,0,17,1,2,1,0,0,0,0,2,2,0,0,2,92.6,1579.7,0,1,0.56758887
1,0,0,0,3,1,0,1,0,2,0,0,0,2,0,0,2,84.3,235.05,0,0,0.39581013
0,0,0,0,1,1,0,0,0,0,0,0,0,0,0,0,3,45.3,45.3,0,0,0.4466648
0,1,0,0,67,1,2,0,0,2,0,0,0,0,0,0,2,54.9,3725.5,0,0,0.019757325
1,0,0,0,31,1,2,1,0,0,0,2,0,0,1,0,1,81.7,2548.65,0,0,0.012145425
1,1,0,0,29,1,0,1,0,2,2,0,2,2,0,1,0,101.45,2948.6,0,0,0.29850328
1,1,1,0,41,1,2,1,2,0,2,0,0,0,0,1,0,83.75,3273.55,1,0,0.15082802
1,0,0,0,11,1,0,1,2,0,2,0,0,0,0,1,0,79.5,795.65,0,0,0.17835872
1,0,1,1,24,1,0,0,2,2,0,2,0,2,0,1,1,70.3,1706.45,0,0,0.024816243
1,0,0,1,18,1,0,0,0,0,0,0,0,0,0,1,1,45.65,747.2,0,0,0.062403187
1,0,1,1,25,1,0,1,0,0,0,2,2,0,0,0,2,85.9,2199.05,0,0,0.3008185
0,1,1,0,13,0,1,0,0,0,0,0,2,2,0,0,2,45.3,528.45,0,1,0.649042
1,0,0,0,4,1,0,1,0,0,0,0,0,2,0,1,2,79.9,324.3,1,1,0.7535195
0,0,0,0,29,0,1,0,0,0,0,2,0,0,0,1,2,31.2,926.2,0,0,0.18953748
0,0,1,0,72,1,2,1,2,0,0,0,0,0,2,0,0,80.45,5737.6,0,0,0.0008150972
1,0,1,1,70,1,0,2,1,1,1,1,1,1,2,0,1,20.05,1360.25,0,0,0.00043242078
1,0,1,1,67,1,0,1,0,2,2,2,2,2,2,0,0,103.15,6895.5,0,0,0.05106932
0,0,1,0,20,1,0,1,0,0,2,2,0,0,0,1,3,81.0,1683.7,0,0,0.16241375
1,0,0,0,64,1,0,1,2,2,0,0,2,2,1,1,1,100.3,6603.8,0,0,0.16769353
0,0,0,1,18,0,1,0,0,0,0,0,0,2,0,1,2,35.0,553.0,1,0,0.10302343
1,0,0,0,1,1,0,0,0,0,0,2,0,0,0,1,2,49.3,49.3,0,0,0.2976992
1,0,1,1,72,1,2,0,2,0,2,2,2,2,2,1,1,83.55,6093.3,0,0,0.00040056105
1,0,1,0,67,1,0,1,2,2,0,0,2,2,1,1,1,100.9,6733.15,0,0,0.02882744
1,0,0,0,5,1,0,0,0,0,2,0,2,2,1,1,3,70.0,347.4,1,0,0.18587558
1,0,0,0,24,1,2,0,2,0,0,0,0,0,0,1,0,55.65,1400.55,1,0,0.20216519
0,0,1,0,59,1,0,2,1,1,1,1,1,1,1,0,3,20.35,1267.0,0,0,0.005070346
0,0,0,0,71,1,2,1,0,2,2,2,2,2,2,1,2,111.25,7984.15,0,0,0.01193029
0,0,0,0,1,1,0,1,0,0,2,0,0,0,0,0,0,73.5,73.5,1,1,0.96397084
0,0,1,1,36,1,0,2,1,1,1,1,1,1,0,0,0,19.2,702.9,0,0,0.020979887
0,0,1,1,25,1,0,2,1,1,1,1,1,1,2,1,3,18.7,383.65,0,0,0.0046748286
1,0,1,1,6,1,0,1,0,0,0,0,0,0,0,1,2,69.8,377.85,0,1,0.53758574
1,0,1,0,50,1,2,1,0,2,0,0,2,2,1,1,2,98.25,4858.7,0,0,0.39660507
0,0,0,0,3,1,0,2,1,1,1,1,1,1,0,0,3,19.85,63.75,1,0,0.2455621
0,0,1,0,62,1,2,0,2,2,0,2,2,2,2,1,2,84.95,5150.55,0,0,0.015787687
0,0,0,0,6,1,0,1,0,0,0,0,2,2,0,1,2,91.1,455.3,1,1,0.8508745
0,0,0,0,5,1,2,2,1,1,1,1,1,1,0,0,3,25.45,134.75,0,0,0.15340409
0,0,1,1,68,1,2,1,0,2,0,2,2,2,2,1,1,103.75,7039.45,0,0,0.015052459
1,0,0,1,14,1,0,0,2,2,2,2,0,2,2,0,0,76.1,1054.8,0,0,0.001632935
0,1,1,0,30,1,2,1,0,2,0,0,2,0,0,1,2,90.05,2627.2,0,1,0.72573006
0,0,1,1,37,1,2,1,0,2,2,0,0,2,0,1,2,95.15,3532.85,0,0,0.3583952
0,0,1,1,69,1,2,1,2,2,2,2,2,2,2,0,1,113.25,7895.15,0,0,0.079871364
1,0,0,1,27,1,2,2,1,1,1,1,1,1,2,1,1,25.85,788.55,0,0,0.0052169496
1,0,1,1,51,1,2,1,2,2,0,2,2,2,1,0,1,110.05,5686.4,0,0,0.4098858
0,0,0,0,7,1,0,0,2,2,2,0,0,0,0,0,2,61.4,438.9,0,0,0.14131828
1,0,0,0,19,1,0,0,0,0,2,2,0,0,0,1,1,55.0,1046.5,1,0,0.09874585
1,0,0,0,25,1,0,2,1,1,1,1,1,1,1,0,1,19.9,510.8,0,0,0.0076996535
1,0,1,0,56,1,2,1,2,0,0,0,2,2,1,1,2,100.55,5514.95,0,0,0.09632592
0,0,0,0,1,1,0,2,1,1,1,1,1,1,0,0,3,19.1,19.1,0,0,0.08801185
0,1,1,1,68,0,1,0,0,2,2,0,2,2,2,1,2,53.0,3656.25,0,0,0.06682707
1,1,1,0,61,1,2,1,0,2,0,0,0,0,0,1,2,82.15,4904.85,0,0,0.24827628
0,0,1,1,68,1,0,2,1,1,1,1,1,1,2,1,0,19.35,1292.65,0,0,0.0011120453
1,0,1,1,54,1,0,2,1,1,1,1,1,1,2,0,1,20.4,1090.6,0,0,0.004299272
1,0,0,0,1,1,2,0,0,0,0,0,0,0,0,1,2,50.45,50.45,1,1,0.8146085
1,0,0,0,1,1,0,2,1,1,1,1,1,1,0,0,3,19.05,19.05,0,0,0.16174434
1,0,0,0,12,1,2,1,0,0,0,0,2,2,0,0,2,94.55,1173.55,0,1,0.9533227
0,0,0,0,26,1,0,0,0,2,2,0,0,0,1,1,3,56.05,1553.2,0,0,0.025499463
0,1,0,0,35,1,2,1,2,2,2,2,2,2,1,1,0,110.8,3836.3,0,0,0.08323769
0,0,1,1,72,1,2,2,1,1,1,1,1,1,2,0,0,25.1,1857.85,0,0,5.1252377e-05
